clock_tick,event_type,source_node,target_node,value,details
0,qubit_created,0,,,"{""qubit_id"":0}"
0,qubit_created,0,,,"{""qubit_id"":1}"
0,qubit_created,0,,,"{""qubit_id"":2}"
0,qubit_created,0,,,"{""qubit_id"":3}"
0,qubit_created,0,,,"{""qubit_id"":4}"
0,qubit_created,0,,,"{""qubit_id"":5}"
0,qubit_created,0,,,"{""qubit_id"":6}"
0,qubit_created,0,,,"{""qubit_id"":7}"
0,qubit_created,0,,,"{""qubit_id"":8}"
0,qubit_created,0,,,"{""qubit_id"":9}"
0,qubit_created,1,,,"{""qubit_id"":10}"
0,qubit_created,1,,,"{""qubit_id"":11}"
0,qubit_created,1,,,"{""qubit_id"":12}"
0,qubit_created,1,,,"{""qubit_id"":13}"
0,qubit_created,1,,,"{""qubit_id"":14}"
0,qubit_created,1,,,"{""qubit_id"":15}"
0,qubit_created,1,,,"{""qubit_id"":16}"
0,qubit_created,1,,,"{""qubit_id"":17}"
0,qubit_created,1,,,"{""qubit_id"":18}"
0,qubit_created,1,,,"{""qubit_id"":19}"
0,qubit_created,2,,,"{""qubit_id"":20}"
0,qubit_created,2,,,"{""qubit_id"":21}"
0,qubit_created,2,,,"{""qubit_id"":22}"
0,qubit_created,2,,,"{""qubit_id"":23}"
0,qubit_created,2,,,"{""qubit_id"":24}"
0,qubit_created,2,,,"{""qubit_id"":25}"
0,qubit_created,2,,,"{""qubit_id"":26}"
0,qubit_created,2,,,"{""qubit_id"":27}"
0,qubit_created,2,,,"{""qubit_id"":28}"
0,qubit_created,2,,,"{""qubit_id"":29}"
0,qubit_created,3,,,"{""qubit_id"":30}"
0,qubit_created,3,,,"{""qubit_id"":31}"
0,qubit_created,3,,,"{""qubit_id"":32}"
0,qubit_created,3,,,"{""qubit_id"":33}"
0,qubit_created,3,,,"{""qubit_id"":34}"
0,qubit_created,3,,,"{""qubit_id"":35}"
0,qubit_created,3,,,"{""qubit_id"":36}"
0,qubit_created,3,,,"{""qubit_id"":37}"
0,qubit_created,3,,,"{""qubit_id"":38}"
0,qubit_created,3,,,"{""qubit_id"":39}"
0,qubit_created,4,,,"{""qubit_id"":40}"
0,qubit_created,4,,,"{""qubit_id"":41}"
0,qubit_created,4,,,"{""qubit_id"":42}"
0,qubit_created,4,,,"{""qubit_id"":43}"
0,qubit_created,4,,,"{""qubit_id"":44}"
0,qubit_created,4,,,"{""qubit_id"":45}"
0,qubit_created,4,,,"{""qubit_id"":46}"
0,qubit_created,4,,,"{""qubit_id"":47}"
0,qubit_created,4,,,"{""qubit_id"":48}"
0,qubit_created,4,,,"{""qubit_id"":49}"
0,qubit_created,5,,,"{""qubit_id"":50}"
0,qubit_created,5,,,"{""qubit_id"":51}"
0,qubit_created,5,,,"{""qubit_id"":52}"
0,qubit_created,5,,,"{""qubit_id"":53}"
0,qubit_created,5,,,"{""qubit_id"":54}"
0,qubit_created,5,,,"{""qubit_id"":55}"
0,qubit_created,5,,,"{""qubit_id"":56}"
0,qubit_created,5,,,"{""qubit_id"":57}"
0,qubit_created,5,,,"{""qubit_id"":58}"
0,qubit_created,5,,,"{""qubit_id"":59}"
0,qubit_created,6,,,"{""qubit_id"":60}"
0,qubit_created,6,,,"{""qubit_id"":61}"
0,qubit_created,6,,,"{""qubit_id"":62}"
0,qubit_created,6,,,"{""qubit_id"":63}"
0,qubit_created,6,,,"{""qubit_id"":64}"
0,qubit_created,6,,,"{""qubit_id"":65}"
0,qubit_created,6,,,"{""qubit_id"":66}"
0,qubit_created,6,,,"{""qubit_id"":67}"
0,qubit_created,6,,,"{""qubit_id"":68}"
0,qubit_created,6,,,"{""qubit_id"":69}"
0,qubit_created,7,,,"{""qubit_id"":70}"
0,qubit_created,7,,,"{""qubit_id"":71}"
0,qubit_created,7,,,"{""qubit_id"":72}"
0,qubit_created,7,,,"{""qubit_id"":73}"
0,qubit_created,7,,,"{""qubit_id"":74}"
0,qubit_created,7,,,"{""qubit_id"":75}"
0,qubit_created,7,,,"{""qubit_id"":76}"
0,qubit_created,7,,,"{""qubit_id"":77}"
0,qubit_created,7,,,"{""qubit_id"":78}"
0,qubit_created,7,,,"{""qubit_id"":79}"
0,qubit_created,8,,,"{""qubit_id"":80}"
0,qubit_created,8,,,"{""qubit_id"":81}"
0,qubit_created,8,,,"{""qubit_id"":82}"
0,qubit_created,8,,,"{""qubit_id"":83}"
0,qubit_created,8,,,"{""qubit_id"":84}"
0,qubit_created,8,,,"{""qubit_id"":85}"
0,qubit_created,8,,,"{""qubit_id"":86}"
0,qubit_created,8,,,"{""qubit_id"":87}"
0,qubit_created,8,,,"{""qubit_id"":88}"
0,qubit_created,8,,,"{""qubit_id"":89}"
0,qubit_created,9,,,"{""qubit_id"":90}"
0,qubit_created,9,,,"{""qubit_id"":91}"
0,qubit_created,9,,,"{""qubit_id"":92}"
0,qubit_created,9,,,"{""qubit_id"":93}"
0,qubit_created,9,,,"{""qubit_id"":94}"
0,qubit_created,9,,,"{""qubit_id"":95}"
0,qubit_created,9,,,"{""qubit_id"":96}"
0,qubit_created,9,,,"{""qubit_id"":97}"
0,qubit_created,9,,,"{""qubit_id"":98}"
0,qubit_created,9,,,"{""qubit_id"":99}"
0,qubit_created,10,,,"{""qubit_id"":100}"
0,qubit_created,10,,,"{""qubit_id"":101}"
0,qubit_created,10,,,"{""qubit_id"":102}"
0,qubit_created,10,,,"{""qubit_id"":103}"
0,qubit_created,10,,,"{""qubit_id"":104}"
0,qubit_created,10,,,"{""qubit_id"":105}"
0,qubit_created,10,,,"{""qubit_id"":106}"
0,qubit_created,10,,,"{""qubit_id"":107}"
0,qubit_created,10,,,"{""qubit_id"":108}"
0,qubit_created,10,,,"{""qubit_id"":109}"
0,qubit_created,11,,,"{""qubit_id"":110}"
0,qubit_created,11,,,"{""qubit_id"":111}"
0,qubit_created,11,,,"{""qubit_id"":112}"
0,qubit_created,11,,,"{""qubit_id"":113}"
0,qubit_created,11,,,"{""qubit_id"":114}"
0,qubit_created,11,,,"{""qubit_id"":115}"
0,qubit_created,11,,,"{""qubit_id"":116}"
0,qubit_created,11,,,"{""qubit_id"":117}"
0,qubit_created,11,,,"{""qubit_id"":118}"
0,qubit_created,11,,,"{""qubit_id"":119}"
0,epr_created,,,1.0,"{""epr_id"":0}"
0,epr_created,,,1.0,"{""epr_id"":1}"
0,epr_created,,,1.0,"{""epr_id"":2}"
0,epr_created,,,1.0,"{""epr_id"":3}"
0,epr_created,,,1.0,"{""epr_id"":4}"
0,epr_created,,,1.0,"{""epr_id"":5}"
0,epr_created,,,1.0,"{""epr_id"":6}"
0,epr_created,,,1.0,"{""epr_id"":7}"
0,epr_created,,,1.0,"{""epr_id"":8}"
0,epr_created,,,1.0,"{""epr_id"":9}"
0,epr_created,,,1.0,"{""epr_id"":10}"
0,epr_created,,,1.0,"{""epr_id"":11}"
0,epr_created,,,1.0,"{""epr_id"":12}"
0,epr_created,,,1.0,"{""epr_id"":13}"
0,epr_created,,,1.0,"{""epr_id"":14}"
0,epr_created,,,1.0,"{""epr_id"":15}"
0,epr_created,,,1.0,"{""epr_id"":16}"
0,epr_created,,,1.0,"{""epr_id"":17}"
0,epr_created,,,1.0,"{""epr_id"":18}"
0,epr_created,,,1.0,"{""epr_id"":19}"
0,epr_created,,,1.0,"{""epr_id"":20}"
0,epr_created,,,1.0,"{""epr_id"":21}"
0,epr_created,,,1.0,"{""epr_id"":22}"
0,epr_created,,,1.0,"{""epr_id"":23}"
0,epr_created,,,1.0,"{""epr_id"":24}"
0,epr_created,,,1.0,"{""epr_id"":25}"
0,epr_created,,,1.0,"{""epr_id"":26}"
0,epr_created,,,1.0,"{""epr_id"":27}"
0,epr_created,,,1.0,"{""epr_id"":28}"
0,epr_created,,,1.0,"{""epr_id"":29}"
0,epr_created,,,1.0,"{""epr_id"":30}"
0,epr_created,,,1.0,"{""epr_id"":31}"
0,epr_created,,,1.0,"{""epr_id"":32}"
0,epr_created,,,1.0,"{""epr_id"":33}"
0,epr_created,,,1.0,"{""epr_id"":34}"
0,epr_created,,,1.0,"{""epr_id"":35}"
0,epr_created,,,1.0,"{""epr_id"":36}"
0,epr_created,,,1.0,"{""epr_id"":37}"
0,epr_created,,,1.0,"{""epr_id"":38}"
0,epr_created,,,1.0,"{""epr_id"":39}"
0,epr_created,,,1.0,"{""epr_id"":40}"
0,epr_created,,,1.0,"{""epr_id"":41}"
0,epr_created,,,1.0,"{""epr_id"":42}"
0,epr_created,,,1.0,"{""epr_id"":43}"
0,epr_created,,,1.0,"{""epr_id"":44}"
0,epr_created,,,1.0,"{""epr_id"":45}"
0,epr_created,,,1.0,"{""epr_id"":46}"
0,epr_created,,,1.0,"{""epr_id"":47}"
0,epr_created,,,1.0,"{""epr_id"":48}"
0,epr_created,,,1.0,"{""epr_id"":49}"
0,epr_created,,,1.0,"{""epr_id"":50}"
0,epr_created,,,1.0,"{""epr_id"":51}"
0,epr_created,,,1.0,"{""epr_id"":52}"
0,epr_created,,,1.0,"{""epr_id"":53}"
0,epr_created,,,1.0,"{""epr_id"":54}"
0,epr_created,,,1.0,"{""epr_id"":55}"
0,epr_created,,,1.0,"{""epr_id"":56}"
0,epr_created,,,1.0,"{""epr_id"":57}"
0,epr_created,,,1.0,"{""epr_id"":58}"
0,epr_created,,,1.0,"{""epr_id"":59}"
0,epr_created,,,1.0,"{""epr_id"":60}"
0,epr_created,,,1.0,"{""epr_id"":61}"
0,epr_created,,,1.0,"{""epr_id"":62}"
0,epr_created,,,1.0,"{""epr_id"":63}"
0,epr_created,,,1.0,"{""epr_id"":64}"
0,epr_created,,,1.0,"{""epr_id"":65}"
0,epr_created,,,1.0,"{""epr_id"":66}"
0,epr_created,,,1.0,"{""epr_id"":67}"
0,epr_created,,,1.0,"{""epr_id"":68}"
0,epr_created,,,1.0,"{""epr_id"":69}"
0,epr_created,,,1.0,"{""epr_id"":70}"
0,epr_created,,,1.0,"{""epr_id"":71}"
0,epr_created,,,1.0,"{""epr_id"":72}"
0,epr_created,,,1.0,"{""epr_id"":73}"
0,epr_created,,,1.0,"{""epr_id"":74}"
0,epr_created,,,1.0,"{""epr_id"":75}"
0,epr_created,,,1.0,"{""epr_id"":76}"
0,epr_created,,,1.0,"{""epr_id"":77}"
0,epr_created,,,1.0,"{""epr_id"":78}"
0,epr_created,,,1.0,"{""epr_id"":79}"
0,epr_created,,,1.0,"{""epr_id"":80}"
0,epr_created,,,1.0,"{""epr_id"":81}"
0,epr_created,,,1.0,"{""epr_id"":82}"
0,epr_created,,,1.0,"{""epr_id"":83}"
0,epr_created,,,1.0,"{""epr_id"":84}"
0,epr_created,,,1.0,"{""epr_id"":85}"
0,epr_created,,,1.0,"{""epr_id"":86}"
0,epr_created,,,1.0,"{""epr_id"":87}"
0,epr_created,,,1.0,"{""epr_id"":88}"
0,epr_created,,,1.0,"{""epr_id"":89}"
0,epr_created,,,1.0,"{""epr_id"":90}"
0,epr_created,,,1.0,"{""epr_id"":91}"
0,epr_created,,,1.0,"{""epr_id"":92}"
0,epr_created,,,1.0,"{""epr_id"":93}"
0,epr_created,,,1.0,"{""epr_id"":94}"
0,epr_created,,,1.0,"{""epr_id"":95}"
0,epr_created,,,1.0,"{""epr_id"":96}"
0,epr_created,,,1.0,"{""epr_id"":97}"
0,epr_created,,,1.0,"{""epr_id"":98}"
0,epr_created,,,1.0,"{""epr_id"":99}"
0,epr_created,,,1.0,"{""epr_id"":100}"
0,epr_created,,,1.0,"{""epr_id"":101}"
0,epr_created,,,1.0,"{""epr_id"":102}"
0,epr_created,,,1.0,"{""epr_id"":103}"
0,epr_created,,,1.0,"{""epr_id"":104}"
0,epr_created,,,1.0,"{""epr_id"":105}"
0,epr_created,,,1.0,"{""epr_id"":106}"
0,epr_created,,,1.0,"{""epr_id"":107}"
0,epr_created,,,1.0,"{""epr_id"":108}"
0,epr_created,,,1.0,"{""epr_id"":109}"
0,epr_created,,,1.0,"{""epr_id"":110}"
0,epr_created,,,1.0,"{""epr_id"":111}"
0,epr_created,,,1.0,"{""epr_id"":112}"
0,epr_created,,,1.0,"{""epr_id"":113}"
0,epr_created,,,1.0,"{""epr_id"":114}"
0,epr_created,,,1.0,"{""epr_id"":115}"
0,epr_created,,,1.0,"{""epr_id"":116}"
0,epr_created,,,1.0,"{""epr_id"":117}"
0,epr_created,,,1.0,"{""epr_id"":118}"
0,epr_created,,,1.0,"{""epr_id"":119}"
0,epr_created,,,1.0,"{""epr_id"":120}"
0,epr_created,,,1.0,"{""epr_id"":121}"
0,epr_created,,,1.0,"{""epr_id"":122}"
0,epr_created,,,1.0,"{""epr_id"":123}"
0,epr_created,,,1.0,"{""epr_id"":124}"
0,epr_created,,,1.0,"{""epr_id"":125}"
0,epr_created,,,1.0,"{""epr_id"":126}"
0,epr_created,,,1.0,"{""epr_id"":127}"
0,epr_created,,,1.0,"{""epr_id"":128}"
0,epr_created,,,1.0,"{""epr_id"":129}"
0,epr_created,,,1.0,"{""epr_id"":130}"
0,epr_created,,,1.0,"{""epr_id"":131}"
0,epr_created,,,1.0,"{""epr_id"":132}"
0,epr_created,,,1.0,"{""epr_id"":133}"
0,epr_created,,,1.0,"{""epr_id"":134}"
0,epr_created,,,1.0,"{""epr_id"":135}"
0,epr_created,,,1.0,"{""epr_id"":136}"
0,epr_created,,,1.0,"{""epr_id"":137}"
0,epr_created,,,1.0,"{""epr_id"":138}"
0,epr_created,,,1.0,"{""epr_id"":139}"
0,epr_created,,,1.0,"{""epr_id"":140}"
0,epr_created,,,1.0,"{""epr_id"":141}"
0,epr_created,,,1.0,"{""epr_id"":142}"
0,epr_created,,,1.0,"{""epr_id"":143}"
0,epr_created,,,1.0,"{""epr_id"":144}"
0,epr_created,,,1.0,"{""epr_id"":145}"
0,epr_created,,,1.0,"{""epr_id"":146}"
0,epr_created,,,1.0,"{""epr_id"":147}"
0,epr_created,,,1.0,"{""epr_id"":148}"
0,epr_created,,,1.0,"{""epr_id"":149}"
0,epr_created,,,1.0,"{""epr_id"":150}"
0,epr_created,,,1.0,"{""epr_id"":151}"
0,epr_created,,,1.0,"{""epr_id"":152}"
0,epr_created,,,1.0,"{""epr_id"":153}"
0,epr_created,,,1.0,"{""epr_id"":154}"
0,epr_created,,,1.0,"{""epr_id"":155}"
0,epr_created,,,1.0,"{""epr_id"":156}"
0,epr_created,,,1.0,"{""epr_id"":157}"
0,epr_created,,,1.0,"{""epr_id"":158}"
0,epr_created,,,1.0,"{""epr_id"":159}"
0,epr_created,,,1.0,"{""epr_id"":160}"
0,epr_created,,,1.0,"{""epr_id"":161}"
0,epr_created,,,1.0,"{""epr_id"":162}"
0,epr_created,,,1.0,"{""epr_id"":163}"
0,epr_created,,,1.0,"{""epr_id"":164}"
0,epr_created,,,1.0,"{""epr_id"":165}"
0,epr_created,,,1.0,"{""epr_id"":166}"
0,epr_created,,,1.0,"{""epr_id"":167}"
0,epr_created,,,1.0,"{""epr_id"":168}"
0,epr_created,,,1.0,"{""epr_id"":169}"
0,link_request_attempt,10,6,1,
1,epr_created,,,0.9603999999999999,"{""epr_id"":170}"
1,echp_success,10,6,0.9603999999999999,
1,link_request_success,10,6,0.9603999999999999,
1,link_request_attempt,6,2,1,
2,epr_created,,,0.9223681599999999,"{""epr_id"":171}"
2,echp_success,6,2,0.9223681599999999,
2,link_request_success,6,2,0.9223681599999999,
2,link_request_attempt,2,1,1,
3,epr_created,,,0.8858423808639998,"{""epr_id"":172}"
3,echp_success,2,1,0.8858423808639998,
3,link_request_success,2,1,0.8858423808639998,
3,route_lookup,10,1,,
3,route_found,10,1,3,
6,entanglement_swapping_complete,10,1,,
6,link_request_attempt,10,1,1,
7,epr_created,,,0.7536419414749018,"{""epr_id"":173}"
7,echp_low_fidelity,10,1,0.7536419414749018,
7,link_request_attempt,10,1,2,
8,epr_created,,,0.7237977205924957,"{""epr_id"":174}"
8,echp_low_fidelity,10,1,0.7237977205924957,
8,link_request_attempt,10,1,3,
9,epr_created,,,0.6951353308570328,"{""epr_id"":175}"
9,echp_low_fidelity,10,1,0.6951353308570328,
9,link_request_attempt,10,1,4,
10,qubit_created,0,,,"{""qubit_id"":120}"
10,qubit_created,0,,,"{""qubit_id"":121}"
10,qubit_created,0,,,"{""qubit_id"":122}"
10,qubit_created,0,,,"{""qubit_id"":123}"
10,qubit_created,0,,,"{""qubit_id"":124}"
10,qubit_created,1,,,"{""qubit_id"":125}"
10,qubit_created,1,,,"{""qubit_id"":126}"
10,qubit_created,1,,,"{""qubit_id"":127}"
10,qubit_created,1,,,"{""qubit_id"":128}"
10,qubit_created,1,,,"{""qubit_id"":129}"
10,qubit_created,2,,,"{""qubit_id"":130}"
10,qubit_created,2,,,"{""qubit_id"":131}"
10,qubit_created,2,,,"{""qubit_id"":132}"
10,qubit_created,2,,,"{""qubit_id"":133}"
10,qubit_created,2,,,"{""qubit_id"":134}"
10,qubit_created,3,,,"{""qubit_id"":135}"
10,qubit_created,3,,,"{""qubit_id"":136}"
10,qubit_created,3,,,"{""qubit_id"":137}"
10,qubit_created,3,,,"{""qubit_id"":138}"
10,qubit_created,3,,,"{""qubit_id"":139}"
10,qubit_created,4,,,"{""qubit_id"":140}"
10,qubit_created,4,,,"{""qubit_id"":141}"
10,qubit_created,4,,,"{""qubit_id"":142}"
10,qubit_created,4,,,"{""qubit_id"":143}"
10,qubit_created,4,,,"{""qubit_id"":144}"
10,qubit_created,5,,,"{""qubit_id"":145}"
10,qubit_created,5,,,"{""qubit_id"":146}"
10,qubit_created,5,,,"{""qubit_id"":147}"
10,qubit_created,5,,,"{""qubit_id"":148}"
10,qubit_created,5,,,"{""qubit_id"":149}"
10,qubit_created,6,,,"{""qubit_id"":150}"
10,qubit_created,6,,,"{""qubit_id"":151}"
10,qubit_created,6,,,"{""qubit_id"":152}"
10,qubit_created,6,,,"{""qubit_id"":153}"
10,qubit_created,6,,,"{""qubit_id"":154}"
10,qubit_created,7,,,"{""qubit_id"":155}"
10,qubit_created,7,,,"{""qubit_id"":156}"
10,qubit_created,7,,,"{""qubit_id"":157}"
10,qubit_created,7,,,"{""qubit_id"":158}"
10,qubit_created,7,,,"{""qubit_id"":159}"
10,qubit_created,8,,,"{""qubit_id"":160}"
10,qubit_created,8,,,"{""qubit_id"":161}"
10,qubit_created,8,,,"{""qubit_id"":162}"
10,qubit_created,8,,,"{""qubit_id"":163}"
10,qubit_created,8,,,"{""qubit_id"":164}"
10,qubit_created,9,,,"{""qubit_id"":165}"
10,qubit_created,9,,,"{""qubit_id"":166}"
10,qubit_created,9,,,"{""qubit_id"":167}"
10,qubit_created,9,,,"{""qubit_id"":168}"
10,qubit_created,9,,,"{""qubit_id"":169}"
10,qubit_created,10,,,"{""qubit_id"":170}"
10,qubit_created,10,,,"{""qubit_id"":171}"
10,qubit_created,10,,,"{""qubit_id"":172}"
10,qubit_created,10,,,"{""qubit_id"":173}"
10,qubit_created,10,,,"{""qubit_id"":174}"
10,qubit_created,11,,,"{""qubit_id"":175}"
10,qubit_created,11,,,"{""qubit_id"":176}"
10,qubit_created,11,,,"{""qubit_id"":177}"
10,qubit_created,11,,,"{""qubit_id"":178}"
10,qubit_created,11,,,"{""qubit_id"":179}"
10,qubits_regenerated,,,,"{""host_count"":12,""amount_per_host"":5}"
10,epr_created,,,1.0,"{""epr_id"":176}"
10,echp_success,10,1,1.0,
10,link_request_success,10,1,1.0,
10,link_request_attempt,10,1,1,
11,epr_created,,,0.9603999999999999,"{""epr_id"":177}"
11,echp_success,10,1,0.9603999999999999,
11,link_request_success,10,1,0.9603999999999999,
11,link_request_attempt,10,1,1,
12,epr_created,,,0.9223681599999999,"{""epr_id"":178}"
12,echp_success,10,1,0.9223681599999999,
12,link_request_success,10,1,0.9223681599999999,
12,link_request_attempt,10,1,1,
13,epr_created,,,0.8858423808639998,"{""epr_id"":179}"
13,echp_success,10,1,0.8858423808639998,
13,link_request_success,10,1,0.8858423808639998,
13,epr_request_complete,10,1,5,
14,nepr_complete,10,1,,"{""num_pairs"":5,""measurements"":""[0.6283472821521207, 0.9223681599999999, 0.9039207967999998, 0.8858423808639998, 0.8681255332467198]""}"
14,link_request_attempt,10,1,1,
15,epr_created,,,0.8170728068875468,"{""epr_id"":180}"
15,echp_success,10,1,0.8170728068875468,
15,link_request_success,10,1,0.8170728068875468,
15,link_request_attempt,10,1,1,
16,epr_created,,,0.5238831403348924,"{""epr_id"":181}"
16,echp_low_fidelity,10,1,0.5238831403348924,
16,link_request_attempt,10,1,2,
17,epr_created,,,0.5031373679776305,"{""epr_id"":182}"
17,echp_low_fidelity,10,1,0.5031373679776305,
17,link_request_attempt,10,1,3,
18,epr_created,,,0.4832131282057163,"{""epr_id"":183}"
18,echp_low_fidelity,10,1,0.4832131282057163,
18,link_request_attempt,10,1,4,
19,epr_created,,,0.46407788832876995,"{""epr_id"":184}"
19,echp_low_fidelity,10,1,0.46407788832876995,
19,link_request_attempt,10,1,5,
20,qubit_created,0,,,"{""qubit_id"":180}"
20,qubit_created,0,,,"{""qubit_id"":181}"
20,qubit_created,0,,,"{""qubit_id"":182}"
20,qubit_created,0,,,"{""qubit_id"":183}"
20,qubit_created,0,,,"{""qubit_id"":184}"
20,qubit_created,1,,,"{""qubit_id"":185}"
20,qubit_created,1,,,"{""qubit_id"":186}"
20,qubit_created,1,,,"{""qubit_id"":187}"
20,qubit_created,1,,,"{""qubit_id"":188}"
20,qubit_created,1,,,"{""qubit_id"":189}"
20,qubit_created,2,,,"{""qubit_id"":190}"
20,qubit_created,2,,,"{""qubit_id"":191}"
20,qubit_created,2,,,"{""qubit_id"":192}"
20,qubit_created,2,,,"{""qubit_id"":193}"
20,qubit_created,2,,,"{""qubit_id"":194}"
20,qubit_created,3,,,"{""qubit_id"":195}"
20,qubit_created,3,,,"{""qubit_id"":196}"
20,qubit_created,3,,,"{""qubit_id"":197}"
20,qubit_created,3,,,"{""qubit_id"":198}"
20,qubit_created,3,,,"{""qubit_id"":199}"
20,qubit_created,4,,,"{""qubit_id"":200}"
20,qubit_created,4,,,"{""qubit_id"":201}"
20,qubit_created,4,,,"{""qubit_id"":202}"
20,qubit_created,4,,,"{""qubit_id"":203}"
20,qubit_created,4,,,"{""qubit_id"":204}"
20,qubit_created,5,,,"{""qubit_id"":205}"
20,qubit_created,5,,,"{""qubit_id"":206}"
20,qubit_created,5,,,"{""qubit_id"":207}"
20,qubit_created,5,,,"{""qubit_id"":208}"
20,qubit_created,5,,,"{""qubit_id"":209}"
20,qubit_created,6,,,"{""qubit_id"":210}"
20,qubit_created,6,,,"{""qubit_id"":211}"
20,qubit_created,6,,,"{""qubit_id"":212}"
20,qubit_created,6,,,"{""qubit_id"":213}"
20,qubit_created,6,,,"{""qubit_id"":214}"
20,qubit_created,7,,,"{""qubit_id"":215}"
20,qubit_created,7,,,"{""qubit_id"":216}"
20,qubit_created,7,,,"{""qubit_id"":217}"
20,qubit_created,7,,,"{""qubit_id"":218}"
20,qubit_created,7,,,"{""qubit_id"":219}"
20,qubit_created,8,,,"{""qubit_id"":220}"
20,qubit_created,8,,,"{""qubit_id"":221}"
20,qubit_created,8,,,"{""qubit_id"":222}"
20,qubit_created,8,,,"{""qubit_id"":223}"
20,qubit_created,8,,,"{""qubit_id"":224}"
20,qubit_created,9,,,"{""qubit_id"":225}"
20,qubit_created,9,,,"{""qubit_id"":226}"
20,qubit_created,9,,,"{""qubit_id"":227}"
20,qubit_created,9,,,"{""qubit_id"":228}"
20,qubit_created,9,,,"{""qubit_id"":229}"
20,qubit_created,10,,,"{""qubit_id"":230}"
20,qubit_created,10,,,"{""qubit_id"":231}"
20,qubit_created,10,,,"{""qubit_id"":232}"
20,qubit_created,10,,,"{""qubit_id"":233}"
20,qubit_created,10,,,"{""qubit_id"":234}"
20,qubit_created,11,,,"{""qubit_id"":235}"
20,qubit_created,11,,,"{""qubit_id"":236}"
20,qubit_created,11,,,"{""qubit_id"":237}"
20,qubit_created,11,,,"{""qubit_id"":238}"
20,qubit_created,11,,,"{""qubit_id"":239}"
20,qubits_regenerated,,,,"{""host_count"":12,""amount_per_host"":5}"
20,epr_created,,,1.0,"{""epr_id"":185}"
20,echp_success,10,1,1.0,
20,link_request_success,10,1,1.0,
20,link_request_attempt,10,1,1,
21,epr_created,,,0.9603999999999999,"{""epr_id"":186}"
21,echp_success,10,1,0.9603999999999999,
21,link_request_success,10,1,0.9603999999999999,
21,link_request_attempt,10,1,1,
22,epr_created,,,0.9223681599999999,"{""epr_id"":187}"
22,echp_success,10,1,0.9223681599999999,
22,link_request_success,10,1,0.9223681599999999,
22,link_request_attempt,10,1,1,
23,epr_created,,,0.8858423808639998,"{""epr_id"":188}"
23,echp_success,10,1,0.8858423808639998,
23,link_request_success,10,1,0.8858423808639998,
23,epr_request_complete,10,1,5,
24,nepr_complete,10,1,,"{""num_pairs"":5,""measurements"":""[0.6812326242398922, 0.9223681599999999, 0.9039207967999998, 0.8858423808639998, 0.8681255332467198]""}"
24,link_request_attempt,10,1,1,
25,epr_created,,,0.8170728068875468,"{""epr_id"":189}"
25,echp_success,10,1,0.8170728068875468,
25,link_request_success,10,1,0.8170728068875468,
25,link_request_attempt,10,1,1,
26,epr_created,,,0.3497485607556669,"{""epr_id"":190}"
26,echp_low_fidelity,10,1,0.3497485607556669,
26,link_request_attempt,10,1,2,
27,epr_created,,,0.33589851774974244,"{""epr_id"":191}"
27,echp_low_fidelity,10,1,0.33589851774974244,
27,link_request_attempt,10,1,3,
28,link_request_attempt,10,1,4,
29,link_request_attempt,10,1,5,
30,qubit_created,0,,,"{""qubit_id"":240}"
30,qubit_created,0,,,"{""qubit_id"":241}"
30,qubit_created,0,,,"{""qubit_id"":242}"
30,qubit_created,0,,,"{""qubit_id"":243}"
30,qubit_created,0,,,"{""qubit_id"":244}"
30,qubit_created,1,,,"{""qubit_id"":245}"
30,qubit_created,1,,,"{""qubit_id"":246}"
30,qubit_created,1,,,"{""qubit_id"":247}"
30,qubit_created,1,,,"{""qubit_id"":248}"
30,qubit_created,1,,,"{""qubit_id"":249}"
30,qubit_created,2,,,"{""qubit_id"":250}"
30,qubit_created,2,,,"{""qubit_id"":251}"
30,qubit_created,2,,,"{""qubit_id"":252}"
30,qubit_created,2,,,"{""qubit_id"":253}"
30,qubit_created,2,,,"{""qubit_id"":254}"
30,qubit_created,3,,,"{""qubit_id"":255}"
30,qubit_created,3,,,"{""qubit_id"":256}"
30,qubit_created,3,,,"{""qubit_id"":257}"
30,qubit_created,3,,,"{""qubit_id"":258}"
30,qubit_created,3,,,"{""qubit_id"":259}"
30,qubit_created,4,,,"{""qubit_id"":260}"
30,qubit_created,4,,,"{""qubit_id"":261}"
30,qubit_created,4,,,"{""qubit_id"":262}"
30,qubit_created,4,,,"{""qubit_id"":263}"
30,qubit_created,4,,,"{""qubit_id"":264}"
30,qubit_created,5,,,"{""qubit_id"":265}"
30,qubit_created,5,,,"{""qubit_id"":266}"
30,qubit_created,5,,,"{""qubit_id"":267}"
30,qubit_created,5,,,"{""qubit_id"":268}"
30,qubit_created,5,,,"{""qubit_id"":269}"
30,qubit_created,6,,,"{""qubit_id"":270}"
30,qubit_created,6,,,"{""qubit_id"":271}"
30,qubit_created,6,,,"{""qubit_id"":272}"
30,qubit_created,6,,,"{""qubit_id"":273}"
30,qubit_created,6,,,"{""qubit_id"":274}"
30,qubit_created,7,,,"{""qubit_id"":275}"
30,qubit_created,7,,,"{""qubit_id"":276}"
30,qubit_created,7,,,"{""qubit_id"":277}"
30,qubit_created,7,,,"{""qubit_id"":278}"
30,qubit_created,7,,,"{""qubit_id"":279}"
30,qubit_created,8,,,"{""qubit_id"":280}"
30,qubit_created,8,,,"{""qubit_id"":281}"
30,qubit_created,8,,,"{""qubit_id"":282}"
30,qubit_created,8,,,"{""qubit_id"":283}"
30,qubit_created,8,,,"{""qubit_id"":284}"
30,qubit_created,9,,,"{""qubit_id"":285}"
30,qubit_created,9,,,"{""qubit_id"":286}"
30,qubit_created,9,,,"{""qubit_id"":287}"
30,qubit_created,9,,,"{""qubit_id"":288}"
30,qubit_created,9,,,"{""qubit_id"":289}"
30,qubit_created,10,,,"{""qubit_id"":290}"
30,qubit_created,10,,,"{""qubit_id"":291}"
30,qubit_created,10,,,"{""qubit_id"":292}"
30,qubit_created,10,,,"{""qubit_id"":293}"
30,qubit_created,10,,,"{""qubit_id"":294}"
30,qubit_created,11,,,"{""qubit_id"":295}"
30,qubit_created,11,,,"{""qubit_id"":296}"
30,qubit_created,11,,,"{""qubit_id"":297}"
30,qubit_created,11,,,"{""qubit_id"":298}"
30,qubit_created,11,,,"{""qubit_id"":299}"
30,qubits_regenerated,,,,"{""host_count"":12,""amount_per_host"":5}"
30,epr_created,,,1.0,"{""epr_id"":192}"
30,echp_success,10,1,1.0,
30,link_request_success,10,1,1.0,
30,link_request_attempt,10,1,1,
31,epr_created,,,0.9603999999999999,"{""epr_id"":193}"
31,echp_success,10,1,0.9603999999999999,
31,link_request_success,10,1,0.9603999999999999,
31,link_request_attempt,10,1,1,
32,epr_created,,,0.9223681599999999,"{""epr_id"":194}"
32,echp_success,10,1,0.9223681599999999,
32,link_request_success,10,1,0.9223681599999999,
32,link_request_attempt,10,1,1,
33,epr_created,,,0.8858423808639998,"{""epr_id"":195}"
33,echp_success,10,1,0.8858423808639998,
33,link_request_success,10,1,0.8858423808639998,
33,epr_request_complete,10,1,5,
34,nepr_complete,10,1,,"{""num_pairs"":5,""measurements"":""[0.6812326242398922, 0.9223681599999999, 0.9039207967999998, 0.8858423808639998, 0.8681255332467198]""}"
34,link_request_attempt,10,1,1,
35,epr_created,,,0.8170728068875468,"{""epr_id"":196}"
35,echp_success,10,1,0.8170728068875468,
35,link_request_success,10,1,0.8170728068875468,
35,link_request_attempt,10,1,1,
36,link_request_attempt,10,1,2,
37,link_request_attempt,10,1,3,
38,link_request_attempt,10,1,4,
39,link_request_attempt,10,1,5,
40,qubit_created,0,,,"{""qubit_id"":300}"
40,qubit_created,0,,,"{""qubit_id"":301}"
40,qubit_created,0,,,"{""qubit_id"":302}"
40,qubit_created,0,,,"{""qubit_id"":303}"
40,qubit_created,0,,,"{""qubit_id"":304}"
40,qubit_created,1,,,"{""qubit_id"":305}"
40,qubit_created,1,,,"{""qubit_id"":306}"
40,qubit_created,1,,,"{""qubit_id"":307}"
40,qubit_created,1,,,"{""qubit_id"":308}"
40,qubit_created,1,,,"{""qubit_id"":309}"
40,qubit_created,2,,,"{""qubit_id"":310}"
40,qubit_created,2,,,"{""qubit_id"":311}"
40,qubit_created,2,,,"{""qubit_id"":312}"
40,qubit_created,2,,,"{""qubit_id"":313}"
40,qubit_created,2,,,"{""qubit_id"":314}"
40,qubit_created,3,,,"{""qubit_id"":315}"
40,qubit_created,3,,,"{""qubit_id"":316}"
40,qubit_created,3,,,"{""qubit_id"":317}"
40,qubit_created,3,,,"{""qubit_id"":318}"
40,qubit_created,3,,,"{""qubit_id"":319}"
40,qubit_created,4,,,"{""qubit_id"":320}"
40,qubit_created,4,,,"{""qubit_id"":321}"
40,qubit_created,4,,,"{""qubit_id"":322}"
40,qubit_created,4,,,"{""qubit_id"":323}"
40,qubit_created,4,,,"{""qubit_id"":324}"
40,qubit_created,5,,,"{""qubit_id"":325}"
40,qubit_created,5,,,"{""qubit_id"":326}"
40,qubit_created,5,,,"{""qubit_id"":327}"
40,qubit_created,5,,,"{""qubit_id"":328}"
40,qubit_created,5,,,"{""qubit_id"":329}"
40,qubit_created,6,,,"{""qubit_id"":330}"
40,qubit_created,6,,,"{""qubit_id"":331}"
40,qubit_created,6,,,"{""qubit_id"":332}"
40,qubit_created,6,,,"{""qubit_id"":333}"
40,qubit_created,6,,,"{""qubit_id"":334}"
40,qubit_created,7,,,"{""qubit_id"":335}"
40,qubit_created,7,,,"{""qubit_id"":336}"
40,qubit_created,7,,,"{""qubit_id"":337}"
40,qubit_created,7,,,"{""qubit_id"":338}"
40,qubit_created,7,,,"{""qubit_id"":339}"
40,qubit_created,8,,,"{""qubit_id"":340}"
40,qubit_created,8,,,"{""qubit_id"":341}"
40,qubit_created,8,,,"{""qubit_id"":342}"
40,qubit_created,8,,,"{""qubit_id"":343}"
40,qubit_created,8,,,"{""qubit_id"":344}"
40,qubit_created,9,,,"{""qubit_id"":345}"
40,qubit_created,9,,,"{""qubit_id"":346}"
40,qubit_created,9,,,"{""qubit_id"":347}"
40,qubit_created,9,,,"{""qubit_id"":348}"
40,qubit_created,9,,,"{""qubit_id"":349}"
40,qubit_created,10,,,"{""qubit_id"":350}"
40,qubit_created,10,,,"{""qubit_id"":351}"
40,qubit_created,10,,,"{""qubit_id"":352}"
40,qubit_created,10,,,"{""qubit_id"":353}"
40,qubit_created,10,,,"{""qubit_id"":354}"
40,qubit_created,11,,,"{""qubit_id"":355}"
40,qubit_created,11,,,"{""qubit_id"":356}"
40,qubit_created,11,,,"{""qubit_id"":357}"
40,qubit_created,11,,,"{""qubit_id"":358}"
40,qubit_created,11,,,"{""qubit_id"":359}"
40,qubits_regenerated,,,,"{""host_count"":12,""amount_per_host"":5}"
40,epr_created,,,1.0,"{""epr_id"":197}"
40,echp_success,10,1,1.0,
40,link_request_success,10,1,1.0,
40,link_request_attempt,10,1,1,
41,epr_created,,,0.9603999999999999,"{""epr_id"":198}"
41,echp_success,10,1,0.9603999999999999,
41,link_request_success,10,1,0.9603999999999999,
41,link_request_attempt,10,1,1,
42,epr_created,,,0.9223681599999999,"{""epr_id"":199}"
42,echp_success,10,1,0.9223681599999999,
42,link_request_success,10,1,0.9223681599999999,
42,link_request_attempt,10,1,1,
43,epr_created,,,0.8858423808639998,"{""epr_id"":200}"
43,echp_success,10,1,0.8858423808639998,
43,link_request_success,10,1,0.8858423808639998,
43,epr_request_complete,10,1,5,
44,nepr_complete,10,1,,"{""num_pairs"":5,""measurements"":""[0.6812326242398922, 0.9223681599999999, 0.9039207967999998, 0.8858423808639998, 0.8681255332467198]""}"
44,link_request_attempt,10,1,1,
45,epr_created,,,0.8170728068875468,"{""epr_id"":201}"
45,echp_success,10,1,0.8170728068875468,
45,link_request_success,10,1,0.8170728068875468,
45,link_request_attempt,10,1,1,
46,link_request_attempt,10,1,2,
47,link_request_attempt,10,1,3,
48,link_request_attempt,10,1,4,
49,link_request_attempt,10,1,5,
50,qubit_created,0,,,"{""qubit_id"":360}"
50,qubit_created,0,,,"{""qubit_id"":361}"
50,qubit_created,0,,,"{""qubit_id"":362}"
50,qubit_created,0,,,"{""qubit_id"":363}"
50,qubit_created,0,,,"{""qubit_id"":364}"
50,qubit_created,1,,,"{""qubit_id"":365}"
50,qubit_created,1,,,"{""qubit_id"":366}"
50,qubit_created,1,,,"{""qubit_id"":367}"
50,qubit_created,1,,,"{""qubit_id"":368}"
50,qubit_created,1,,,"{""qubit_id"":369}"
50,qubit_created,2,,,"{""qubit_id"":370}"
50,qubit_created,2,,,"{""qubit_id"":371}"
50,qubit_created,2,,,"{""qubit_id"":372}"
50,qubit_created,2,,,"{""qubit_id"":373}"
50,qubit_created,2,,,"{""qubit_id"":374}"
50,qubit_created,3,,,"{""qubit_id"":375}"
50,qubit_created,3,,,"{""qubit_id"":376}"
50,qubit_created,3,,,"{""qubit_id"":377}"
50,qubit_created,3,,,"{""qubit_id"":378}"
50,qubit_created,3,,,"{""qubit_id"":379}"
50,qubit_created,4,,,"{""qubit_id"":380}"
50,qubit_created,4,,,"{""qubit_id"":381}"
50,qubit_created,4,,,"{""qubit_id"":382}"
50,qubit_created,4,,,"{""qubit_id"":383}"
50,qubit_created,4,,,"{""qubit_id"":384}"
50,qubit_created,5,,,"{""qubit_id"":385}"
50,qubit_created,5,,,"{""qubit_id"":386}"
50,qubit_created,5,,,"{""qubit_id"":387}"
50,qubit_created,5,,,"{""qubit_id"":388}"
50,qubit_created,5,,,"{""qubit_id"":389}"
50,qubit_created,6,,,"{""qubit_id"":390}"
50,qubit_created,6,,,"{""qubit_id"":391}"
50,qubit_created,6,,,"{""qubit_id"":392}"
50,qubit_created,6,,,"{""qubit_id"":393}"
50,qubit_created,6,,,"{""qubit_id"":394}"
50,qubit_created,7,,,"{""qubit_id"":395}"
50,qubit_created,7,,,"{""qubit_id"":396}"
50,qubit_created,7,,,"{""qubit_id"":397}"
50,qubit_created,7,,,"{""qubit_id"":398}"
50,qubit_created,7,,,"{""qubit_id"":399}"
50,qubit_created,8,,,"{""qubit_id"":400}"
50,qubit_created,8,,,"{""qubit_id"":401}"
50,qubit_created,8,,,"{""qubit_id"":402}"
50,qubit_created,8,,,"{""qubit_id"":403}"
50,qubit_created,8,,,"{""qubit_id"":404}"
50,qubit_created,9,,,"{""qubit_id"":405}"
50,qubit_created,9,,,"{""qubit_id"":406}"
50,qubit_created,9,,,"{""qubit_id"":407}"
50,qubit_created,9,,,"{""qubit_id"":408}"
50,qubit_created,9,,,"{""qubit_id"":409}"
50,qubit_created,10,,,"{""qubit_id"":410}"
50,qubit_created,10,,,"{""qubit_id"":411}"
50,qubit_created,10,,,"{""qubit_id"":412}"
50,qubit_created,10,,,"{""qubit_id"":413}"
50,qubit_created,10,,,"{""qubit_id"":414}"
50,qubit_created,11,,,"{""qubit_id"":415}"
50,qubit_created,11,,,"{""qubit_id"":416}"
50,qubit_created,11,,,"{""qubit_id"":417}"
50,qubit_created,11,,,"{""qubit_id"":418}"
50,qubit_created,11,,,"{""qubit_id"":419}"
50,qubits_regenerated,,,,"{""host_count"":12,""amount_per_host"":5}"
50,epr_created,,,1.0,"{""epr_id"":202}"
50,echp_success,10,1,1.0,
50,link_request_success,10,1,1.0,
50,link_request_attempt,10,1,1,
51,epr_created,,,0.9603999999999999,"{""epr_id"":203}"
51,echp_success,10,1,0.9603999999999999,
51,link_request_success,10,1,0.9603999999999999,
51,link_request_attempt,10,1,1,
52,epr_created,,,0.9223681599999999,"{""epr_id"":204}"
52,echp_success,10,1,0.9223681599999999,
52,link_request_success,10,1,0.9223681599999999,
52,link_request_attempt,10,1,1,
53,epr_created,,,0.8858423808639998,"{""epr_id"":205}"
53,echp_success,10,1,0.8858423808639998,
53,link_request_success,10,1,0.8858423808639998,
53,epr_request_complete,10,1,5,
54,nepr_complete,10,1,,"{""num_pairs"":5,""measurements"":""[0.6812326242398922, 0.9223681599999999, 0.9039207967999998, 0.8858423808639998, 0.8681255332467198]""}"
54,link_request_attempt,10,1,1,
55,epr_created,,,0.8170728068875468,"{""epr_id"":206}"
55,echp_success,10,1,0.8170728068875468,
55,link_request_success,10,1,0.8170728068875468,
55,link_request_attempt,10,1,1,
56,link_request_attempt,10,1,2,
57,link_request_attempt,10,1,3,
58,link_request_attempt,10,1,4,
59,link_request_attempt,10,1,5,
60,qubit_created,0,,,"{""qubit_id"":420}"
60,qubit_created,0,,,"{""qubit_id"":421}"
60,qubit_created,0,,,"{""qubit_id"":422}"
60,qubit_created,0,,,"{""qubit_id"":423}"
60,qubit_created,0,,,"{""qubit_id"":424}"
60,qubit_created,1,,,"{""qubit_id"":425}"
60,qubit_created,1,,,"{""qubit_id"":426}"
60,qubit_created,1,,,"{""qubit_id"":427}"
60,qubit_created,1,,,"{""qubit_id"":428}"
60,qubit_created,1,,,"{""qubit_id"":429}"
60,qubit_created,2,,,"{""qubit_id"":430}"
60,qubit_created,2,,,"{""qubit_id"":431}"
60,qubit_created,2,,,"{""qubit_id"":432}"
60,qubit_created,2,,,"{""qubit_id"":433}"
60,qubit_created,2,,,"{""qubit_id"":434}"
60,qubit_created,3,,,"{""qubit_id"":435}"
60,qubit_created,3,,,"{""qubit_id"":436}"
60,qubit_created,3,,,"{""qubit_id"":437}"
60,qubit_created,3,,,"{""qubit_id"":438}"
60,qubit_created,3,,,"{""qubit_id"":439}"
60,qubit_created,4,,,"{""qubit_id"":440}"
60,qubit_created,4,,,"{""qubit_id"":441}"
60,qubit_created,4,,,"{""qubit_id"":442}"
60,qubit_created,4,,,"{""qubit_id"":443}"
60,qubit_created,4,,,"{""qubit_id"":444}"
60,qubit_created,5,,,"{""qubit_id"":445}"
60,qubit_created,5,,,"{""qubit_id"":446}"
60,qubit_created,5,,,"{""qubit_id"":447}"
60,qubit_created,5,,,"{""qubit_id"":448}"
60,qubit_created,5,,,"{""qubit_id"":449}"
60,qubit_created,6,,,"{""qubit_id"":450}"
60,qubit_created,6,,,"{""qubit_id"":451}"
60,qubit_created,6,,,"{""qubit_id"":452}"
60,qubit_created,6,,,"{""qubit_id"":453}"
60,qubit_created,6,,,"{""qubit_id"":454}"
60,qubit_created,7,,,"{""qubit_id"":455}"
60,qubit_created,7,,,"{""qubit_id"":456}"
60,qubit_created,7,,,"{""qubit_id"":457}"
60,qubit_created,7,,,"{""qubit_id"":458}"
60,qubit_created,7,,,"{""qubit_id"":459}"
60,qubit_created,8,,,"{""qubit_id"":460}"
60,qubit_created,8,,,"{""qubit_id"":461}"
60,qubit_created,8,,,"{""qubit_id"":462}"
60,qubit_created,8,,,"{""qubit_id"":463}"
60,qubit_created,8,,,"{""qubit_id"":464}"
60,qubit_created,9,,,"{""qubit_id"":465}"
60,qubit_created,9,,,"{""qubit_id"":466}"
60,qubit_created,9,,,"{""qubit_id"":467}"
60,qubit_created,9,,,"{""qubit_id"":468}"
60,qubit_created,9,,,"{""qubit_id"":469}"
60,qubit_created,10,,,"{""qubit_id"":470}"
60,qubit_created,10,,,"{""qubit_id"":471}"
60,qubit_created,10,,,"{""qubit_id"":472}"
60,qubit_created,10,,,"{""qubit_id"":473}"
60,qubit_created,10,,,"{""qubit_id"":474}"
60,qubit_created,11,,,"{""qubit_id"":475}"
60,qubit_created,11,,,"{""qubit_id"":476}"
60,qubit_created,11,,,"{""qubit_id"":477}"
60,qubit_created,11,,,"{""qubit_id"":478}"
60,qubit_created,11,,,"{""qubit_id"":479}"
60,qubits_regenerated,,,,"{""host_count"":12,""amount_per_host"":5}"
60,epr_created,,,1.0,"{""epr_id"":207}"
60,echp_success,10,1,1.0,
60,link_request_success,10,1,1.0,
60,link_request_attempt,10,1,1,
61,epr_created,,,0.9603999999999999,"{""epr_id"":208}"
61,echp_success,10,1,0.9603999999999999,
61,link_request_success,10,1,0.9603999999999999,
61,link_request_attempt,10,1,1,
62,epr_created,,,0.9223681599999999,"{""epr_id"":209}"
62,echp_success,10,1,0.9223681599999999,
62,link_request_success,10,1,0.9223681599999999,
62,link_request_attempt,10,1,1,
63,epr_created,,,0.8858423808639998,"{""epr_id"":210}"
63,echp_success,10,1,0.8858423808639998,
63,link_request_success,10,1,0.8858423808639998,
63,epr_request_complete,10,1,5,
64,nepr_complete,10,1,,"{""num_pairs"":5,""measurements"":""[0.6812326242398922, 0.9223681599999999, 0.9039207967999998, 0.8858423808639998, 0.8681255332467198]""}"
64,link_request_attempt,10,1,1,
65,epr_created,,,0.8170728068875468,"{""epr_id"":211}"
65,echp_success,10,1,0.8170728068875468,
65,link_request_success,10,1,0.8170728068875468,
65,link_request_attempt,10,1,1,
66,link_request_attempt,10,1,2,
67,link_request_attempt,10,1,3,
68,link_request_attempt,10,1,4,
69,link_request_attempt,10,1,5,
70,qubit_created,0,,,"{""qubit_id"":480}"
70,qubit_created,0,,,"{""qubit_id"":481}"
70,qubit_created,0,,,"{""qubit_id"":482}"
70,qubit_created,0,,,"{""qubit_id"":483}"
70,qubit_created,0,,,"{""qubit_id"":484}"
70,qubit_created,1,,,"{""qubit_id"":485}"
70,qubit_created,1,,,"{""qubit_id"":486}"
70,qubit_created,1,,,"{""qubit_id"":487}"
70,qubit_created,1,,,"{""qubit_id"":488}"
70,qubit_created,1,,,"{""qubit_id"":489}"
70,qubit_created,2,,,"{""qubit_id"":490}"
70,qubit_created,2,,,"{""qubit_id"":491}"
70,qubit_created,2,,,"{""qubit_id"":492}"
70,qubit_created,2,,,"{""qubit_id"":493}"
70,qubit_created,2,,,"{""qubit_id"":494}"
70,qubit_created,3,,,"{""qubit_id"":495}"
70,qubit_created,3,,,"{""qubit_id"":496}"
70,qubit_created,3,,,"{""qubit_id"":497}"
70,qubit_created,3,,,"{""qubit_id"":498}"
70,qubit_created,3,,,"{""qubit_id"":499}"
70,qubit_created,4,,,"{""qubit_id"":500}"
70,qubit_created,4,,,"{""qubit_id"":501}"
70,qubit_created,4,,,"{""qubit_id"":502}"
70,qubit_created,4,,,"{""qubit_id"":503}"
70,qubit_created,4,,,"{""qubit_id"":504}"
70,qubit_created,5,,,"{""qubit_id"":505}"
70,qubit_created,5,,,"{""qubit_id"":506}"
70,qubit_created,5,,,"{""qubit_id"":507}"
70,qubit_created,5,,,"{""qubit_id"":508}"
70,qubit_created,5,,,"{""qubit_id"":509}"
70,qubit_created,6,,,"{""qubit_id"":510}"
70,qubit_created,6,,,"{""qubit_id"":511}"
70,qubit_created,6,,,"{""qubit_id"":512}"
70,qubit_created,6,,,"{""qubit_id"":513}"
70,qubit_created,6,,,"{""qubit_id"":514}"
70,qubit_created,7,,,"{""qubit_id"":515}"
70,qubit_created,7,,,"{""qubit_id"":516}"
70,qubit_created,7,,,"{""qubit_id"":517}"
70,qubit_created,7,,,"{""qubit_id"":518}"
70,qubit_created,7,,,"{""qubit_id"":519}"
70,qubit_created,8,,,"{""qubit_id"":520}"
70,qubit_created,8,,,"{""qubit_id"":521}"
70,qubit_created,8,,,"{""qubit_id"":522}"
70,qubit_created,8,,,"{""qubit_id"":523}"
70,qubit_created,8,,,"{""qubit_id"":524}"
70,qubit_created,9,,,"{""qubit_id"":525}"
70,qubit_created,9,,,"{""qubit_id"":526}"
70,qubit_created,9,,,"{""qubit_id"":527}"
70,qubit_created,9,,,"{""qubit_id"":528}"
70,qubit_created,9,,,"{""qubit_id"":529}"
70,qubit_created,10,,,"{""qubit_id"":530}"
70,qubit_created,10,,,"{""qubit_id"":531}"
70,qubit_created,10,,,"{""qubit_id"":532}"
70,qubit_created,10,,,"{""qubit_id"":533}"
70,qubit_created,10,,,"{""qubit_id"":534}"
70,qubit_created,11,,,"{""qubit_id"":535}"
70,qubit_created,11,,,"{""qubit_id"":536}"
70,qubit_created,11,,,"{""qubit_id"":537}"
70,qubit_created,11,,,"{""qubit_id"":538}"
70,qubit_created,11,,,"{""qubit_id"":539}"
70,qubits_regenerated,,,,"{""host_count"":12,""amount_per_host"":5}"
70,epr_created,,,1.0,"{""epr_id"":212}"
70,echp_success,10,1,1.0,
70,link_request_success,10,1,1.0,
70,link_request_attempt,10,1,1,
71,epr_created,,,0.9603999999999999,"{""epr_id"":213}"
71,echp_success,10,1,0.9603999999999999,
71,link_request_success,10,1,0.9603999999999999,
71,link_request_attempt,10,1,1,
72,epr_created,,,0.9223681599999999,"{""epr_id"":214}"
72,echp_success,10,1,0.9223681599999999,
72,link_request_success,10,1,0.9223681599999999,
72,link_request_attempt,10,1,1,
73,epr_created,,,0.8858423808639998,"{""epr_id"":215}"
73,echp_success,10,1,0.8858423808639998,
73,link_request_success,10,1,0.8858423808639998,
73,epr_request_complete,10,1,5,
74,nepr_complete,10,1,,"{""num_pairs"":5,""measurements"":""[0.6812326242398922, 0.9223681599999999, 0.9039207967999998, 0.8858423808639998, 0.8681255332467198]""}"
74,link_request_attempt,10,1,1,
75,epr_created,,,0.8170728068875468,"{""epr_id"":216}"
75,echp_success,10,1,0.8170728068875468,
75,link_request_success,10,1,0.8170728068875468,
75,link_request_attempt,10,1,1,
76,link_request_attempt,10,1,2,
77,link_request_attempt,10,1,3,
78,link_request_attempt,10,1,4,
79,link_request_attempt,10,1,5,
80,qubit_created,0,,,"{""qubit_id"":540}"
80,qubit_created,0,,,"{""qubit_id"":541}"
80,qubit_created,0,,,"{""qubit_id"":542}"
80,qubit_created,0,,,"{""qubit_id"":543}"
80,qubit_created,0,,,"{""qubit_id"":544}"
80,qubit_created,1,,,"{""qubit_id"":545}"
80,qubit_created,1,,,"{""qubit_id"":546}"
80,qubit_created,1,,,"{""qubit_id"":547}"
80,qubit_created,1,,,"{""qubit_id"":548}"
80,qubit_created,1,,,"{""qubit_id"":549}"
80,qubit_created,2,,,"{""qubit_id"":550}"
80,qubit_created,2,,,"{""qubit_id"":551}"
80,qubit_created,2,,,"{""qubit_id"":552}"
80,qubit_created,2,,,"{""qubit_id"":553}"
80,qubit_created,2,,,"{""qubit_id"":554}"
80,qubit_created,3,,,"{""qubit_id"":555}"
80,qubit_created,3,,,"{""qubit_id"":556}"
80,qubit_created,3,,,"{""qubit_id"":557}"
80,qubit_created,3,,,"{""qubit_id"":558}"
80,qubit_created,3,,,"{""qubit_id"":559}"
80,qubit_created,4,,,"{""qubit_id"":560}"
80,qubit_created,4,,,"{""qubit_id"":561}"
80,qubit_created,4,,,"{""qubit_id"":562}"
80,qubit_created,4,,,"{""qubit_id"":563}"
80,qubit_created,4,,,"{""qubit_id"":564}"
80,qubit_created,5,,,"{""qubit_id"":565}"
80,qubit_created,5,,,"{""qubit_id"":566}"
80,qubit_created,5,,,"{""qubit_id"":567}"
80,qubit_created,5,,,"{""qubit_id"":568}"
80,qubit_created,5,,,"{""qubit_id"":569}"
80,qubit_created,6,,,"{""qubit_id"":570}"
80,qubit_created,6,,,"{""qubit_id"":571}"
80,qubit_created,6,,,"{""qubit_id"":572}"
80,qubit_created,6,,,"{""qubit_id"":573}"
80,qubit_created,6,,,"{""qubit_id"":574}"
80,qubit_created,7,,,"{""qubit_id"":575}"
80,qubit_created,7,,,"{""qubit_id"":576}"
80,qubit_created,7,,,"{""qubit_id"":577}"
80,qubit_created,7,,,"{""qubit_id"":578}"
80,qubit_created,7,,,"{""qubit_id"":579}"
80,qubit_created,8,,,"{""qubit_id"":580}"
80,qubit_created,8,,,"{""qubit_id"":581}"
80,qubit_created,8,,,"{""qubit_id"":582}"
80,qubit_created,8,,,"{""qubit_id"":583}"
80,qubit_created,8,,,"{""qubit_id"":584}"
80,qubit_created,9,,,"{""qubit_id"":585}"
80,qubit_created,9,,,"{""qubit_id"":586}"
80,qubit_created,9,,,"{""qubit_id"":587}"
80,qubit_created,9,,,"{""qubit_id"":588}"
80,qubit_created,9,,,"{""qubit_id"":589}"
80,qubit_created,10,,,"{""qubit_id"":590}"
80,qubit_created,10,,,"{""qubit_id"":591}"
80,qubit_created,10,,,"{""qubit_id"":592}"
80,qubit_created,10,,,"{""qubit_id"":593}"
80,qubit_created,10,,,"{""qubit_id"":594}"
80,qubit_created,11,,,"{""qubit_id"":595}"
80,qubit_created,11,,,"{""qubit_id"":596}"
80,qubit_created,11,,,"{""qubit_id"":597}"
80,qubit_created,11,,,"{""qubit_id"":598}"
80,qubit_created,11,,,"{""qubit_id"":599}"
80,qubits_regenerated,,,,"{""host_count"":12,""amount_per_host"":5}"
80,epr_created,,,1.0,"{""epr_id"":217}"
80,echp_success,10,1,1.0,
80,link_request_success,10,1,1.0,
80,link_request_attempt,10,1,1,
81,epr_created,,,0.9603999999999999,"{""epr_id"":218}"
81,echp_success,10,1,0.9603999999999999,
81,link_request_success,10,1,0.9603999999999999,
81,link_request_attempt,10,1,1,
82,epr_created,,,0.9223681599999999,"{""epr_id"":219}"
82,echp_success,10,1,0.9223681599999999,
82,link_request_success,10,1,0.9223681599999999,
82,link_request_attempt,10,1,1,
83,epr_created,,,0.8858423808639998,"{""epr_id"":220}"
83,echp_success,10,1,0.8858423808639998,
83,link_request_success,10,1,0.8858423808639998,
83,epr_request_complete,10,1,5,
84,nepr_complete,10,1,,"{""num_pairs"":5,""measurements"":""[0.6812326242398922, 0.9223681599999999, 0.9039207967999998, 0.8858423808639998, 0.8681255332467198]""}"
84,link_request_attempt,10,1,1,
85,epr_created,,,0.8170728068875468,"{""epr_id"":221}"
85,echp_success,10,1,0.8170728068875468,
85,link_request_success,10,1,0.8170728068875468,
85,link_request_attempt,10,1,1,
86,link_request_attempt,10,1,2,
87,link_request_attempt,10,1,3,
88,link_request_attempt,10,1,4,
89,link_request_attempt,10,1,5,
90,qubit_created,0,,,"{""qubit_id"":600}"
90,qubit_created,0,,,"{""qubit_id"":601}"
90,qubit_created,0,,,"{""qubit_id"":602}"
90,qubit_created,0,,,"{""qubit_id"":603}"
90,qubit_created,0,,,"{""qubit_id"":604}"
90,qubit_created,1,,,"{""qubit_id"":605}"
90,qubit_created,1,,,"{""qubit_id"":606}"
90,qubit_created,1,,,"{""qubit_id"":607}"
90,qubit_created,1,,,"{""qubit_id"":608}"
90,qubit_created,1,,,"{""qubit_id"":609}"
90,qubit_created,2,,,"{""qubit_id"":610}"
90,qubit_created,2,,,"{""qubit_id"":611}"
90,qubit_created,2,,,"{""qubit_id"":612}"
90,qubit_created,2,,,"{""qubit_id"":613}"
90,qubit_created,2,,,"{""qubit_id"":614}"
90,qubit_created,3,,,"{""qubit_id"":615}"
90,qubit_created,3,,,"{""qubit_id"":616}"
90,qubit_created,3,,,"{""qubit_id"":617}"
90,qubit_created,3,,,"{""qubit_id"":618}"
90,qubit_created,3,,,"{""qubit_id"":619}"
90,qubit_created,4,,,"{""qubit_id"":620}"
90,qubit_created,4,,,"{""qubit_id"":621}"
90,qubit_created,4,,,"{""qubit_id"":622}"
90,qubit_created,4,,,"{""qubit_id"":623}"
90,qubit_created,4,,,"{""qubit_id"":624}"
90,qubit_created,5,,,"{""qubit_id"":625}"
90,qubit_created,5,,,"{""qubit_id"":626}"
90,qubit_created,5,,,"{""qubit_id"":627}"
90,qubit_created,5,,,"{""qubit_id"":628}"
90,qubit_created,5,,,"{""qubit_id"":629}"
90,qubit_created,6,,,"{""qubit_id"":630}"
90,qubit_created,6,,,"{""qubit_id"":631}"
90,qubit_created,6,,,"{""qubit_id"":632}"
90,qubit_created,6,,,"{""qubit_id"":633}"
90,qubit_created,6,,,"{""qubit_id"":634}"
90,qubit_created,7,,,"{""qubit_id"":635}"
90,qubit_created,7,,,"{""qubit_id"":636}"
90,qubit_created,7,,,"{""qubit_id"":637}"
90,qubit_created,7,,,"{""qubit_id"":638}"
90,qubit_created,7,,,"{""qubit_id"":639}"
90,qubit_created,8,,,"{""qubit_id"":640}"
90,qubit_created,8,,,"{""qubit_id"":641}"
90,qubit_created,8,,,"{""qubit_id"":642}"
90,qubit_created,8,,,"{""qubit_id"":643}"
90,qubit_created,8,,,"{""qubit_id"":644}"
90,qubit_created,9,,,"{""qubit_id"":645}"
90,qubit_created,9,,,"{""qubit_id"":646}"
90,qubit_created,9,,,"{""qubit_id"":647}"
90,qubit_created,9,,,"{""qubit_id"":648}"
90,qubit_created,9,,,"{""qubit_id"":649}"
90,qubit_created,10,,,"{""qubit_id"":650}"
90,qubit_created,10,,,"{""qubit_id"":651}"
90,qubit_created,10,,,"{""qubit_id"":652}"
90,qubit_created,10,,,"{""qubit_id"":653}"
90,qubit_created,10,,,"{""qubit_id"":654}"
90,qubit_created,11,,,"{""qubit_id"":655}"
90,qubit_created,11,,,"{""qubit_id"":656}"
90,qubit_created,11,,,"{""qubit_id"":657}"
90,qubit_created,11,,,"{""qubit_id"":658}"
90,qubit_created,11,,,"{""qubit_id"":659}"
90,qubits_regenerated,,,,"{""host_count"":12,""amount_per_host"":5}"
90,epr_created,,,1.0,"{""epr_id"":222}"
90,echp_success,10,1,1.0,
90,link_request_success,10,1,1.0,
90,link_request_attempt,10,1,1,
91,epr_created,,,0.9603999999999999,"{""epr_id"":223}"
91,echp_success,10,1,0.9603999999999999,
91,link_request_success,10,1,0.9603999999999999,
91,link_request_attempt,10,1,1,
92,epr_created,,,0.9223681599999999,"{""epr_id"":224}"
92,echp_success,10,1,0.9223681599999999,
92,link_request_success,10,1,0.9223681599999999,
92,link_request_attempt,10,1,1,
93,epr_created,,,0.8858423808639998,"{""epr_id"":225}"
93,echp_success,10,1,0.8858423808639998,
93,link_request_success,10,1,0.8858423808639998,
93,epr_request_complete,10,1,5,
94,nepr_complete,10,1,,"{""num_pairs"":5,""measurements"":""[0.6812326242398922, 0.9223681599999999, 0.9039207967999998, 0.8858423808639998, 0.8681255332467198]""}"
94,link_request_attempt,10,1,1,
95,epr_created,,,0.8170728068875468,"{""epr_id"":226}"
95,echp_success,10,1,0.8170728068875468,
95,link_request_success,10,1,0.8170728068875468,
95,link_request_attempt,10,1,1,
96,link_request_attempt,10,1,2,
97,link_request_attempt,10,1,3,
98,link_request_attempt,10,1,4,
99,link_request_attempt,10,1,5,
100,qubit_created,0,,,"{""qubit_id"":660}"
100,qubit_created,0,,,"{""qubit_id"":661}"
100,qubit_created,0,,,"{""qubit_id"":662}"
100,qubit_created,0,,,"{""qubit_id"":663}"
100,qubit_created,0,,,"{""qubit_id"":664}"
100,qubit_created,1,,,"{""qubit_id"":665}"
100,qubit_created,1,,,"{""qubit_id"":666}"
100,qubit_created,1,,,"{""qubit_id"":667}"
100,qubit_created,1,,,"{""qubit_id"":668}"
100,qubit_created,1,,,"{""qubit_id"":669}"
100,qubit_created,2,,,"{""qubit_id"":670}"
100,qubit_created,2,,,"{""qubit_id"":671}"
100,qubit_created,2,,,"{""qubit_id"":672}"
100,qubit_created,2,,,"{""qubit_id"":673}"
100,qubit_created,2,,,"{""qubit_id"":674}"
100,qubit_created,3,,,"{""qubit_id"":675}"
100,qubit_created,3,,,"{""qubit_id"":676}"
100,qubit_created,3,,,"{""qubit_id"":677}"
100,qubit_created,3,,,"{""qubit_id"":678}"
100,qubit_created,3,,,"{""qubit_id"":679}"
100,qubit_created,4,,,"{""qubit_id"":680}"
100,qubit_created,4,,,"{""qubit_id"":681}"
100,qubit_created,4,,,"{""qubit_id"":682}"
100,qubit_created,4,,,"{""qubit_id"":683}"
100,qubit_created,4,,,"{""qubit_id"":684}"
100,qubit_created,5,,,"{""qubit_id"":685}"
100,qubit_created,5,,,"{""qubit_id"":686}"
100,qubit_created,5,,,"{""qubit_id"":687}"
100,qubit_created,5,,,"{""qubit_id"":688}"
100,qubit_created,5,,,"{""qubit_id"":689}"
100,qubit_created,6,,,"{""qubit_id"":690}"
100,qubit_created,6,,,"{""qubit_id"":691}"
100,qubit_created,6,,,"{""qubit_id"":692}"
100,qubit_created,6,,,"{""qubit_id"":693}"
100,qubit_created,6,,,"{""qubit_id"":694}"
100,qubit_created,7,,,"{""qubit_id"":695}"
100,qubit_created,7,,,"{""qubit_id"":696}"
100,qubit_created,7,,,"{""qubit_id"":697}"
100,qubit_created,7,,,"{""qubit_id"":698}"
100,qubit_created,7,,,"{""qubit_id"":699}"
100,qubit_created,8,,,"{""qubit_id"":700}"
100,qubit_created,8,,,"{""qubit_id"":701}"
100,qubit_created,8,,,"{""qubit_id"":702}"
100,qubit_created,8,,,"{""qubit_id"":703}"
100,qubit_created,8,,,"{""qubit_id"":704}"
100,qubit_created,9,,,"{""qubit_id"":705}"
100,qubit_created,9,,,"{""qubit_id"":706}"
100,qubit_created,9,,,"{""qubit_id"":707}"
100,qubit_created,9,,,"{""qubit_id"":708}"
100,qubit_created,9,,,"{""qubit_id"":709}"
100,qubit_created,10,,,"{""qubit_id"":710}"
100,qubit_created,10,,,"{""qubit_id"":711}"
100,qubit_created,10,,,"{""qubit_id"":712}"
100,qubit_created,10,,,"{""qubit_id"":713}"
100,qubit_created,10,,,"{""qubit_id"":714}"
100,qubit_created,11,,,"{""qubit_id"":715}"
100,qubit_created,11,,,"{""qubit_id"":716}"
100,qubit_created,11,,,"{""qubit_id"":717}"
100,qubit_created,11,,,"{""qubit_id"":718}"
100,qubit_created,11,,,"{""qubit_id"":719}"
100,qubits_regenerated,,,,"{""host_count"":12,""amount_per_host"":5}"
100,epr_created,,,1.0,"{""epr_id"":227}"
100,echp_success,10,1,1.0,
100,link_request_success,10,1,1.0,
100,link_request_attempt,10,1,1,
101,epr_created,,,0.9603999999999999,"{""epr_id"":228}"
101,echp_success,10,1,0.9603999999999999,
101,link_request_success,10,1,0.9603999999999999,
101,link_request_attempt,10,1,1,
102,epr_created,,,0.9223681599999999,"{""epr_id"":229}"
102,echp_success,10,1,0.9223681599999999,
102,link_request_success,10,1,0.9223681599999999,
102,link_request_attempt,10,1,1,
103,epr_created,,,0.8858423808639998,"{""epr_id"":230}"
103,echp_success,10,1,0.8858423808639998,
103,link_request_success,10,1,0.8858423808639998,
103,epr_request_complete,10,1,5,
104,nepr_complete,10,1,,"{""num_pairs"":5,""measurements"":""[0.6812326242398922, 0.9223681599999999, 0.9039207967999998, 0.8858423808639998, 0.8681255332467198]""}"
111,epr_expired,,,,"{""epr_id"":172,""channel"":""(2, 1)""}"
112,epr_expired,,,,"{""epr_id"":171,""channel"":""(6, 2)""}"
113,epr_expired,,,,"{""epr_id"":170,""channel"":""(10, 6)""}"
114,qubit_expired,0,,,"{""qubit_id"":0}"
114,qubit_expired,0,,,"{""qubit_id"":1}"
114,qubit_expired,0,,,"{""qubit_id"":2}"
114,qubit_expired,0,,,"{""qubit_id"":3}"
114,qubit_expired,0,,,"{""qubit_id"":4}"
114,qubit_expired,0,,,"{""qubit_id"":5}"
114,qubit_expired,0,,,"{""qubit_id"":6}"
114,qubit_expired,0,,,"{""qubit_id"":7}"
114,qubit_expired,0,,,"{""qubit_id"":8}"
114,qubit_expired,0,,,"{""qubit_id"":9}"
114,qubit_expired,2,,,"{""qubit_id"":20}"
114,qubit_expired,2,,,"{""qubit_id"":21}"
114,qubit_expired,2,,,"{""qubit_id"":22}"
114,qubit_expired,2,,,"{""qubit_id"":23}"
114,qubit_expired,2,,,"{""qubit_id"":24}"
114,qubit_expired,2,,,"{""qubit_id"":25}"
114,qubit_expired,2,,,"{""qubit_id"":26}"
114,qubit_expired,2,,,"{""qubit_id"":27}"
114,qubit_expired,3,,,"{""qubit_id"":30}"
114,qubit_expired,3,,,"{""qubit_id"":31}"
114,qubit_expired,3,,,"{""qubit_id"":32}"
114,qubit_expired,3,,,"{""qubit_id"":33}"
114,qubit_expired,3,,,"{""qubit_id"":34}"
114,qubit_expired,3,,,"{""qubit_id"":35}"
114,qubit_expired,3,,,"{""qubit_id"":36}"
114,qubit_expired,3,,,"{""qubit_id"":37}"
114,qubit_expired,3,,,"{""qubit_id"":38}"
114,qubit_expired,3,,,"{""qubit_id"":39}"
114,qubit_expired,4,,,"{""qubit_id"":40}"
114,qubit_expired,4,,,"{""qubit_id"":41}"
114,qubit_expired,4,,,"{""qubit_id"":42}"
114,qubit_expired,4,,,"{""qubit_id"":43}"
114,qubit_expired,4,,,"{""qubit_id"":44}"
114,qubit_expired,4,,,"{""qubit_id"":45}"
114,qubit_expired,4,,,"{""qubit_id"":46}"
114,qubit_expired,4,,,"{""qubit_id"":47}"
114,qubit_expired,4,,,"{""qubit_id"":48}"
114,qubit_expired,4,,,"{""qubit_id"":49}"
114,qubit_expired,5,,,"{""qubit_id"":50}"
114,qubit_expired,5,,,"{""qubit_id"":51}"
114,qubit_expired,5,,,"{""qubit_id"":52}"
114,qubit_expired,5,,,"{""qubit_id"":53}"
114,qubit_expired,5,,,"{""qubit_id"":54}"
114,qubit_expired,5,,,"{""qubit_id"":55}"
114,qubit_expired,5,,,"{""qubit_id"":56}"
114,qubit_expired,5,,,"{""qubit_id"":57}"
114,qubit_expired,5,,,"{""qubit_id"":58}"
114,qubit_expired,5,,,"{""qubit_id"":59}"
114,qubit_expired,6,,,"{""qubit_id"":60}"
114,qubit_expired,6,,,"{""qubit_id"":61}"
114,qubit_expired,6,,,"{""qubit_id"":62}"
114,qubit_expired,6,,,"{""qubit_id"":63}"
114,qubit_expired,6,,,"{""qubit_id"":64}"
114,qubit_expired,6,,,"{""qubit_id"":65}"
114,qubit_expired,6,,,"{""qubit_id"":66}"
114,qubit_expired,6,,,"{""qubit_id"":67}"
114,qubit_expired,7,,,"{""qubit_id"":70}"
114,qubit_expired,7,,,"{""qubit_id"":71}"
114,qubit_expired,7,,,"{""qubit_id"":72}"
114,qubit_expired,7,,,"{""qubit_id"":73}"
114,qubit_expired,7,,,"{""qubit_id"":74}"
114,qubit_expired,7,,,"{""qubit_id"":75}"
114,qubit_expired,7,,,"{""qubit_id"":76}"
114,qubit_expired,7,,,"{""qubit_id"":77}"
114,qubit_expired,7,,,"{""qubit_id"":78}"
114,qubit_expired,7,,,"{""qubit_id"":79}"
114,qubit_expired,8,,,"{""qubit_id"":80}"
114,qubit_expired,8,,,"{""qubit_id"":81}"
114,qubit_expired,8,,,"{""qubit_id"":82}"
114,qubit_expired,8,,,"{""qubit_id"":83}"
114,qubit_expired,8,,,"{""qubit_id"":84}"
114,qubit_expired,8,,,"{""qubit_id"":85}"
114,qubit_expired,8,,,"{""qubit_id"":86}"
114,qubit_expired,8,,,"{""qubit_id"":87}"
114,qubit_expired,8,,,"{""qubit_id"":88}"
114,qubit_expired,8,,,"{""qubit_id"":89}"
114,qubit_expired,9,,,"{""qubit_id"":90}"
114,qubit_expired,9,,,"{""qubit_id"":91}"
114,qubit_expired,9,,,"{""qubit_id"":92}"
114,qubit_expired,9,,,"{""qubit_id"":93}"
114,qubit_expired,9,,,"{""qubit_id"":94}"
114,qubit_expired,9,,,"{""qubit_id"":95}"
114,qubit_expired,9,,,"{""qubit_id"":96}"
114,qubit_expired,9,,,"{""qubit_id"":97}"
114,qubit_expired,9,,,"{""qubit_id"":98}"
114,qubit_expired,9,,,"{""qubit_id"":99}"
114,qubit_expired,11,,,"{""qubit_id"":110}"
114,qubit_expired,11,,,"{""qubit_id"":111}"
114,qubit_expired,11,,,"{""qubit_id"":112}"
114,qubit_expired,11,,,"{""qubit_id"":113}"
114,qubit_expired,11,,,"{""qubit_id"":114}"
114,qubit_expired,11,,,"{""qubit_id"":115}"
114,qubit_expired,11,,,"{""qubit_id"":116}"
114,qubit_expired,11,,,"{""qubit_id"":117}"
114,qubit_expired,11,,,"{""qubit_id"":118}"
114,qubit_expired,11,,,"{""qubit_id"":119}"
114,epr_expired,,,,"{""epr_id"":0,""channel"":""(0, 4)""}"
114,epr_expired,,,,"{""epr_id"":1,""channel"":""(0, 4)""}"
114,epr_expired,,,,"{""epr_id"":2,""channel"":""(0, 4)""}"
114,epr_expired,,,,"{""epr_id"":3,""channel"":""(0, 4)""}"
114,epr_expired,,,,"{""epr_id"":4,""channel"":""(0, 4)""}"
114,epr_expired,,,,"{""epr_id"":5,""channel"":""(0, 4)""}"
114,epr_expired,,,,"{""epr_id"":6,""channel"":""(0, 4)""}"
114,epr_expired,,,,"{""epr_id"":7,""channel"":""(0, 4)""}"
114,epr_expired,,,,"{""epr_id"":8,""channel"":""(0, 4)""}"
114,epr_expired,,,,"{""epr_id"":9,""channel"":""(0, 4)""}"
114,epr_expired,,,,"{""epr_id"":10,""channel"":""(0, 1)""}"
114,epr_expired,,,,"{""epr_id"":11,""channel"":""(0, 1)""}"
114,epr_expired,,,,"{""epr_id"":12,""channel"":""(0, 1)""}"
114,epr_expired,,,,"{""epr_id"":13,""channel"":""(0, 1)""}"
114,epr_expired,,,,"{""epr_id"":14,""channel"":""(0, 1)""}"
114,epr_expired,,,,"{""epr_id"":15,""channel"":""(0, 1)""}"
114,epr_expired,,,,"{""epr_id"":16,""channel"":""(0, 1)""}"
114,epr_expired,,,,"{""epr_id"":17,""channel"":""(0, 1)""}"
114,epr_expired,,,,"{""epr_id"":18,""channel"":""(0, 1)""}"
114,epr_expired,,,,"{""epr_id"":19,""channel"":""(0, 1)""}"
114,epr_expired,,,,"{""epr_id"":20,""channel"":""(1, 5)""}"
114,epr_expired,,,,"{""epr_id"":21,""channel"":""(1, 5)""}"
114,epr_expired,,,,"{""epr_id"":22,""channel"":""(1, 5)""}"
114,epr_expired,,,,"{""epr_id"":23,""channel"":""(1, 5)""}"
114,epr_expired,,,,"{""epr_id"":24,""channel"":""(1, 5)""}"
114,epr_expired,,,,"{""epr_id"":25,""channel"":""(1, 5)""}"
114,epr_expired,,,,"{""epr_id"":26,""channel"":""(1, 5)""}"
114,epr_expired,,,,"{""epr_id"":27,""channel"":""(1, 5)""}"
114,epr_expired,,,,"{""epr_id"":28,""channel"":""(1, 5)""}"
114,epr_expired,,,,"{""epr_id"":29,""channel"":""(1, 5)""}"
114,epr_expired,,,,"{""epr_id"":31,""channel"":""(1, 2)""}"
114,epr_expired,,,,"{""epr_id"":32,""channel"":""(1, 2)""}"
114,epr_expired,,,,"{""epr_id"":33,""channel"":""(1, 2)""}"
114,epr_expired,,,,"{""epr_id"":34,""channel"":""(1, 2)""}"
114,epr_expired,,,,"{""epr_id"":35,""channel"":""(1, 2)""}"
114,epr_expired,,,,"{""epr_id"":36,""channel"":""(1, 2)""}"
114,epr_expired,,,,"{""epr_id"":37,""channel"":""(1, 2)""}"
114,epr_expired,,,,"{""epr_id"":38,""channel"":""(1, 2)""}"
114,epr_expired,,,,"{""epr_id"":39,""channel"":""(1, 2)""}"
114,epr_expired,,,,"{""epr_id"":41,""channel"":""(2, 6)""}"
114,epr_expired,,,,"{""epr_id"":42,""channel"":""(2, 6)""}"
114,epr_expired,,,,"{""epr_id"":43,""channel"":""(2, 6)""}"
114,epr_expired,,,,"{""epr_id"":44,""channel"":""(2, 6)""}"
114,epr_expired,,,,"{""epr_id"":45,""channel"":""(2, 6)""}"
114,epr_expired,,,,"{""epr_id"":46,""channel"":""(2, 6)""}"
114,epr_expired,,,,"{""epr_id"":47,""channel"":""(2, 6)""}"
114,epr_expired,,,,"{""epr_id"":48,""channel"":""(2, 6)""}"
114,epr_expired,,,,"{""epr_id"":49,""channel"":""(2, 6)""}"
114,epr_expired,,,,"{""epr_id"":50,""channel"":""(2, 3)""}"
114,epr_expired,,,,"{""epr_id"":51,""channel"":""(2, 3)""}"
114,epr_expired,,,,"{""epr_id"":52,""channel"":""(2, 3)""}"
114,epr_expired,,,,"{""epr_id"":53,""channel"":""(2, 3)""}"
114,epr_expired,,,,"{""epr_id"":54,""channel"":""(2, 3)""}"
114,epr_expired,,,,"{""epr_id"":55,""channel"":""(2, 3)""}"
114,epr_expired,,,,"{""epr_id"":56,""channel"":""(2, 3)""}"
114,epr_expired,,,,"{""epr_id"":57,""channel"":""(2, 3)""}"
114,epr_expired,,,,"{""epr_id"":58,""channel"":""(2, 3)""}"
114,epr_expired,,,,"{""epr_id"":59,""channel"":""(2, 3)""}"
114,epr_expired,,,,"{""epr_id"":60,""channel"":""(3, 7)""}"
114,epr_expired,,,,"{""epr_id"":61,""channel"":""(3, 7)""}"
114,epr_expired,,,,"{""epr_id"":62,""channel"":""(3, 7)""}"
114,epr_expired,,,,"{""epr_id"":63,""channel"":""(3, 7)""}"
114,epr_expired,,,,"{""epr_id"":64,""channel"":""(3, 7)""}"
114,epr_expired,,,,"{""epr_id"":65,""channel"":""(3, 7)""}"
114,epr_expired,,,,"{""epr_id"":66,""channel"":""(3, 7)""}"
114,epr_expired,,,,"{""epr_id"":67,""channel"":""(3, 7)""}"
114,epr_expired,,,,"{""epr_id"":68,""channel"":""(3, 7)""}"
114,epr_expired,,,,"{""epr_id"":69,""channel"":""(3, 7)""}"
114,epr_expired,,,,"{""epr_id"":70,""channel"":""(4, 8)""}"
114,epr_expired,,,,"{""epr_id"":71,""channel"":""(4, 8)""}"
114,epr_expired,,,,"{""epr_id"":72,""channel"":""(4, 8)""}"
114,epr_expired,,,,"{""epr_id"":73,""channel"":""(4, 8)""}"
114,epr_expired,,,,"{""epr_id"":74,""channel"":""(4, 8)""}"
114,epr_expired,,,,"{""epr_id"":75,""channel"":""(4, 8)""}"
114,epr_expired,,,,"{""epr_id"":76,""channel"":""(4, 8)""}"
114,epr_expired,,,,"{""epr_id"":77,""channel"":""(4, 8)""}"
114,epr_expired,,,,"{""epr_id"":78,""channel"":""(4, 8)""}"
114,epr_expired,,,,"{""epr_id"":79,""channel"":""(4, 8)""}"
114,epr_expired,,,,"{""epr_id"":80,""channel"":""(4, 5)""}"
114,epr_expired,,,,"{""epr_id"":81,""channel"":""(4, 5)""}"
114,epr_expired,,,,"{""epr_id"":82,""channel"":""(4, 5)""}"
114,epr_expired,,,,"{""epr_id"":83,""channel"":""(4, 5)""}"
114,epr_expired,,,,"{""epr_id"":84,""channel"":""(4, 5)""}"
114,epr_expired,,,,"{""epr_id"":85,""channel"":""(4, 5)""}"
114,epr_expired,,,,"{""epr_id"":86,""channel"":""(4, 5)""}"
114,epr_expired,,,,"{""epr_id"":87,""channel"":""(4, 5)""}"
114,epr_expired,,,,"{""epr_id"":88,""channel"":""(4, 5)""}"
114,epr_expired,,,,"{""epr_id"":89,""channel"":""(4, 5)""}"
114,epr_expired,,,,"{""epr_id"":90,""channel"":""(5, 9)""}"
114,epr_expired,,,,"{""epr_id"":91,""channel"":""(5, 9)""}"
114,epr_expired,,,,"{""epr_id"":92,""channel"":""(5, 9)""}"
114,epr_expired,,,,"{""epr_id"":93,""channel"":""(5, 9)""}"
114,epr_expired,,,,"{""epr_id"":94,""channel"":""(5, 9)""}"
114,epr_expired,,,,"{""epr_id"":95,""channel"":""(5, 9)""}"
114,epr_expired,,,,"{""epr_id"":96,""channel"":""(5, 9)""}"
114,epr_expired,,,,"{""epr_id"":97,""channel"":""(5, 9)""}"
114,epr_expired,,,,"{""epr_id"":98,""channel"":""(5, 9)""}"
114,epr_expired,,,,"{""epr_id"":99,""channel"":""(5, 9)""}"
114,epr_expired,,,,"{""epr_id"":100,""channel"":""(5, 6)""}"
114,epr_expired,,,,"{""epr_id"":101,""channel"":""(5, 6)""}"
114,epr_expired,,,,"{""epr_id"":102,""channel"":""(5, 6)""}"
114,epr_expired,,,,"{""epr_id"":103,""channel"":""(5, 6)""}"
114,epr_expired,,,,"{""epr_id"":104,""channel"":""(5, 6)""}"
114,epr_expired,,,,"{""epr_id"":105,""channel"":""(5, 6)""}"
114,epr_expired,,,,"{""epr_id"":106,""channel"":""(5, 6)""}"
114,epr_expired,,,,"{""epr_id"":107,""channel"":""(5, 6)""}"
114,epr_expired,,,,"{""epr_id"":108,""channel"":""(5, 6)""}"
114,epr_expired,,,,"{""epr_id"":109,""channel"":""(5, 6)""}"
114,epr_expired,,,,"{""epr_id"":111,""channel"":""(6, 10)""}"
114,epr_expired,,,,"{""epr_id"":112,""channel"":""(6, 10)""}"
114,epr_expired,,,,"{""epr_id"":113,""channel"":""(6, 10)""}"
114,epr_expired,,,,"{""epr_id"":114,""channel"":""(6, 10)""}"
114,epr_expired,,,,"{""epr_id"":115,""channel"":""(6, 10)""}"
114,epr_expired,,,,"{""epr_id"":116,""channel"":""(6, 10)""}"
114,epr_expired,,,,"{""epr_id"":117,""channel"":""(6, 10)""}"
114,epr_expired,,,,"{""epr_id"":118,""channel"":""(6, 10)""}"
114,epr_expired,,,,"{""epr_id"":119,""channel"":""(6, 10)""}"
114,epr_expired,,,,"{""epr_id"":120,""channel"":""(6, 7)""}"
114,epr_expired,,,,"{""epr_id"":121,""channel"":""(6, 7)""}"
114,epr_expired,,,,"{""epr_id"":122,""channel"":""(6, 7)""}"
114,epr_expired,,,,"{""epr_id"":123,""channel"":""(6, 7)""}"
114,epr_expired,,,,"{""epr_id"":124,""channel"":""(6, 7)""}"
114,epr_expired,,,,"{""epr_id"":125,""channel"":""(6, 7)""}"
114,epr_expired,,,,"{""epr_id"":126,""channel"":""(6, 7)""}"
114,epr_expired,,,,"{""epr_id"":127,""channel"":""(6, 7)""}"
114,epr_expired,,,,"{""epr_id"":128,""channel"":""(6, 7)""}"
114,epr_expired,,,,"{""epr_id"":129,""channel"":""(6, 7)""}"
114,epr_expired,,,,"{""epr_id"":130,""channel"":""(7, 11)""}"
114,epr_expired,,,,"{""epr_id"":131,""channel"":""(7, 11)""}"
114,epr_expired,,,,"{""epr_id"":132,""channel"":""(7, 11)""}"
114,epr_expired,,,,"{""epr_id"":133,""channel"":""(7, 11)""}"
114,epr_expired,,,,"{""epr_id"":134,""channel"":""(7, 11)""}"
114,epr_expired,,,,"{""epr_id"":135,""channel"":""(7, 11)""}"
114,epr_expired,,,,"{""epr_id"":136,""channel"":""(7, 11)""}"
114,epr_expired,,,,"{""epr_id"":137,""channel"":""(7, 11)""}"
114,epr_expired,,,,"{""epr_id"":138,""channel"":""(7, 11)""}"
114,epr_expired,,,,"{""epr_id"":139,""channel"":""(7, 11)""}"
114,epr_expired,,,,"{""epr_id"":140,""channel"":""(8, 9)""}"
114,epr_expired,,,,"{""epr_id"":141,""channel"":""(8, 9)""}"
114,epr_expired,,,,"{""epr_id"":142,""channel"":""(8, 9)""}"
114,epr_expired,,,,"{""epr_id"":143,""channel"":""(8, 9)""}"
114,epr_expired,,,,"{""epr_id"":144,""channel"":""(8, 9)""}"
114,epr_expired,,,,"{""epr_id"":145,""channel"":""(8, 9)""}"
114,epr_expired,,,,"{""epr_id"":146,""channel"":""(8, 9)""}"
114,epr_expired,,,,"{""epr_id"":147,""channel"":""(8, 9)""}"
114,epr_expired,,,,"{""epr_id"":148,""channel"":""(8, 9)""}"
114,epr_expired,,,,"{""epr_id"":149,""channel"":""(8, 9)""}"
114,epr_expired,,,,"{""epr_id"":150,""channel"":""(9, 10)""}"
114,epr_expired,,,,"{""epr_id"":151,""channel"":""(9, 10)""}"
114,epr_expired,,,,"{""epr_id"":152,""channel"":""(9, 10)""}"
114,epr_expired,,,,"{""epr_id"":153,""channel"":""(9, 10)""}"
114,epr_expired,,,,"{""epr_id"":154,""channel"":""(9, 10)""}"
114,epr_expired,,,,"{""epr_id"":155,""channel"":""(9, 10)""}"
114,epr_expired,,,,"{""epr_id"":156,""channel"":""(9, 10)""}"
114,epr_expired,,,,"{""epr_id"":157,""channel"":""(9, 10)""}"
114,epr_expired,,,,"{""epr_id"":158,""channel"":""(9, 10)""}"
114,epr_expired,,,,"{""epr_id"":159,""channel"":""(9, 10)""}"
114,epr_expired,,,,"{""epr_id"":160,""channel"":""(10, 11)""}"
114,epr_expired,,,,"{""epr_id"":161,""channel"":""(10, 11)""}"
114,epr_expired,,,,"{""epr_id"":162,""channel"":""(10, 11)""}"
114,epr_expired,,,,"{""epr_id"":163,""channel"":""(10, 11)""}"
114,epr_expired,,,,"{""epr_id"":164,""channel"":""(10, 11)""}"
114,epr_expired,,,,"{""epr_id"":165,""channel"":""(10, 11)""}"
114,epr_expired,,,,"{""epr_id"":166,""channel"":""(10, 11)""}"
114,epr_expired,,,,"{""epr_id"":167,""channel"":""(10, 11)""}"
114,epr_expired,,,,"{""epr_id"":168,""channel"":""(10, 11)""}"
114,epr_expired,,,,"{""epr_id"":169,""channel"":""(10, 11)""}"
124,qubit_expired,0,,,"{""qubit_id"":120}"
124,qubit_expired,0,,,"{""qubit_id"":121}"
124,qubit_expired,0,,,"{""qubit_id"":122}"
124,qubit_expired,0,,,"{""qubit_id"":123}"
124,qubit_expired,0,,,"{""qubit_id"":124}"
124,qubit_expired,2,,,"{""qubit_id"":130}"
124,qubit_expired,2,,,"{""qubit_id"":131}"
124,qubit_expired,2,,,"{""qubit_id"":132}"
124,qubit_expired,2,,,"{""qubit_id"":133}"
124,qubit_expired,2,,,"{""qubit_id"":134}"
124,qubit_expired,3,,,"{""qubit_id"":135}"
124,qubit_expired,3,,,"{""qubit_id"":136}"
124,qubit_expired,3,,,"{""qubit_id"":137}"
124,qubit_expired,3,,,"{""qubit_id"":138}"
124,qubit_expired,3,,,"{""qubit_id"":139}"
124,qubit_expired,4,,,"{""qubit_id"":140}"
124,qubit_expired,4,,,"{""qubit_id"":141}"
124,qubit_expired,4,,,"{""qubit_id"":142}"
124,qubit_expired,4,,,"{""qubit_id"":143}"
124,qubit_expired,4,,,"{""qubit_id"":144}"
124,qubit_expired,5,,,"{""qubit_id"":145}"
124,qubit_expired,5,,,"{""qubit_id"":146}"
124,qubit_expired,5,,,"{""qubit_id"":147}"
124,qubit_expired,5,,,"{""qubit_id"":148}"
124,qubit_expired,5,,,"{""qubit_id"":149}"
124,qubit_expired,6,,,"{""qubit_id"":150}"
124,qubit_expired,6,,,"{""qubit_id"":151}"
124,qubit_expired,6,,,"{""qubit_id"":152}"
124,qubit_expired,6,,,"{""qubit_id"":153}"
124,qubit_expired,6,,,"{""qubit_id"":154}"
124,qubit_expired,7,,,"{""qubit_id"":155}"
124,qubit_expired,7,,,"{""qubit_id"":156}"
124,qubit_expired,7,,,"{""qubit_id"":157}"
124,qubit_expired,7,,,"{""qubit_id"":158}"
124,qubit_expired,7,,,"{""qubit_id"":159}"
124,qubit_expired,8,,,"{""qubit_id"":160}"
124,qubit_expired,8,,,"{""qubit_id"":161}"
124,qubit_expired,8,,,"{""qubit_id"":162}"
124,qubit_expired,8,,,"{""qubit_id"":163}"
124,qubit_expired,8,,,"{""qubit_id"":164}"
124,qubit_expired,9,,,"{""qubit_id"":165}"
124,qubit_expired,9,,,"{""qubit_id"":166}"
124,qubit_expired,9,,,"{""qubit_id"":167}"
124,qubit_expired,9,,,"{""qubit_id"":168}"
124,qubit_expired,9,,,"{""qubit_id"":169}"
124,qubit_expired,11,,,"{""qubit_id"":175}"
124,qubit_expired,11,,,"{""qubit_id"":176}"
124,qubit_expired,11,,,"{""qubit_id"":177}"
124,qubit_expired,11,,,"{""qubit_id"":178}"
124,qubit_expired,11,,,"{""qubit_id"":179}"
134,qubit_expired,0,,,"{""qubit_id"":180}"
134,qubit_expired,0,,,"{""qubit_id"":181}"
134,qubit_expired,0,,,"{""qubit_id"":182}"
134,qubit_expired,0,,,"{""qubit_id"":183}"
134,qubit_expired,0,,,"{""qubit_id"":184}"
134,qubit_expired,2,,,"{""qubit_id"":190}"
134,qubit_expired,2,,,"{""qubit_id"":191}"
134,qubit_expired,2,,,"{""qubit_id"":192}"
134,qubit_expired,2,,,"{""qubit_id"":193}"
134,qubit_expired,2,,,"{""qubit_id"":194}"
134,qubit_expired,3,,,"{""qubit_id"":195}"
134,qubit_expired,3,,,"{""qubit_id"":196}"
134,qubit_expired,3,,,"{""qubit_id"":197}"
134,qubit_expired,3,,,"{""qubit_id"":198}"
134,qubit_expired,3,,,"{""qubit_id"":199}"
134,qubit_expired,4,,,"{""qubit_id"":200}"
134,qubit_expired,4,,,"{""qubit_id"":201}"
134,qubit_expired,4,,,"{""qubit_id"":202}"
134,qubit_expired,4,,,"{""qubit_id"":203}"
134,qubit_expired,4,,,"{""qubit_id"":204}"
134,qubit_expired,5,,,"{""qubit_id"":205}"
134,qubit_expired,5,,,"{""qubit_id"":206}"
134,qubit_expired,5,,,"{""qubit_id"":207}"
134,qubit_expired,5,,,"{""qubit_id"":208}"
134,qubit_expired,5,,,"{""qubit_id"":209}"
134,qubit_expired,6,,,"{""qubit_id"":210}"
134,qubit_expired,6,,,"{""qubit_id"":211}"
134,qubit_expired,6,,,"{""qubit_id"":212}"
134,qubit_expired,6,,,"{""qubit_id"":213}"
134,qubit_expired,6,,,"{""qubit_id"":214}"
134,qubit_expired,7,,,"{""qubit_id"":215}"
134,qubit_expired,7,,,"{""qubit_id"":216}"
134,qubit_expired,7,,,"{""qubit_id"":217}"
134,qubit_expired,7,,,"{""qubit_id"":218}"
134,qubit_expired,7,,,"{""qubit_id"":219}"
134,qubit_expired,8,,,"{""qubit_id"":220}"
134,qubit_expired,8,,,"{""qubit_id"":221}"
134,qubit_expired,8,,,"{""qubit_id"":222}"
134,qubit_expired,8,,,"{""qubit_id"":223}"
134,qubit_expired,8,,,"{""qubit_id"":224}"
134,qubit_expired,9,,,"{""qubit_id"":225}"
134,qubit_expired,9,,,"{""qubit_id"":226}"
134,qubit_expired,9,,,"{""qubit_id"":227}"
134,qubit_expired,9,,,"{""qubit_id"":228}"
134,qubit_expired,9,,,"{""qubit_id"":229}"
134,qubit_expired,11,,,"{""qubit_id"":235}"
134,qubit_expired,11,,,"{""qubit_id"":236}"
134,qubit_expired,11,,,"{""qubit_id"":237}"
134,qubit_expired,11,,,"{""qubit_id"":238}"
134,qubit_expired,11,,,"{""qubit_id"":239}"
144,qubit_expired,0,,,"{""qubit_id"":240}"
144,qubit_expired,0,,,"{""qubit_id"":241}"
144,qubit_expired,0,,,"{""qubit_id"":242}"
144,qubit_expired,0,,,"{""qubit_id"":243}"
144,qubit_expired,0,,,"{""qubit_id"":244}"
144,qubit_expired,2,,,"{""qubit_id"":250}"
144,qubit_expired,2,,,"{""qubit_id"":251}"
144,qubit_expired,2,,,"{""qubit_id"":252}"
144,qubit_expired,2,,,"{""qubit_id"":253}"
144,qubit_expired,2,,,"{""qubit_id"":254}"
144,qubit_expired,3,,,"{""qubit_id"":255}"
144,qubit_expired,3,,,"{""qubit_id"":256}"
144,qubit_expired,3,,,"{""qubit_id"":257}"
144,qubit_expired,3,,,"{""qubit_id"":258}"
144,qubit_expired,3,,,"{""qubit_id"":259}"
144,qubit_expired,4,,,"{""qubit_id"":260}"
144,qubit_expired,4,,,"{""qubit_id"":261}"
144,qubit_expired,4,,,"{""qubit_id"":262}"
144,qubit_expired,4,,,"{""qubit_id"":263}"
144,qubit_expired,4,,,"{""qubit_id"":264}"
144,qubit_expired,5,,,"{""qubit_id"":265}"
144,qubit_expired,5,,,"{""qubit_id"":266}"
144,qubit_expired,5,,,"{""qubit_id"":267}"
144,qubit_expired,5,,,"{""qubit_id"":268}"
144,qubit_expired,5,,,"{""qubit_id"":269}"
144,qubit_expired,6,,,"{""qubit_id"":270}"
144,qubit_expired,6,,,"{""qubit_id"":271}"
144,qubit_expired,6,,,"{""qubit_id"":272}"
144,qubit_expired,6,,,"{""qubit_id"":273}"
144,qubit_expired,6,,,"{""qubit_id"":274}"
144,qubit_expired,7,,,"{""qubit_id"":275}"
144,qubit_expired,7,,,"{""qubit_id"":276}"
144,qubit_expired,7,,,"{""qubit_id"":277}"
144,qubit_expired,7,,,"{""qubit_id"":278}"
144,qubit_expired,7,,,"{""qubit_id"":279}"
144,qubit_expired,8,,,"{""qubit_id"":280}"
144,qubit_expired,8,,,"{""qubit_id"":281}"
144,qubit_expired,8,,,"{""qubit_id"":282}"
144,qubit_expired,8,,,"{""qubit_id"":283}"
144,qubit_expired,8,,,"{""qubit_id"":284}"
144,qubit_expired,9,,,"{""qubit_id"":285}"
144,qubit_expired,9,,,"{""qubit_id"":286}"
144,qubit_expired,9,,,"{""qubit_id"":287}"
144,qubit_expired,9,,,"{""qubit_id"":288}"
144,qubit_expired,9,,,"{""qubit_id"":289}"
144,qubit_expired,11,,,"{""qubit_id"":295}"
144,qubit_expired,11,,,"{""qubit_id"":296}"
144,qubit_expired,11,,,"{""qubit_id"":297}"
144,qubit_expired,11,,,"{""qubit_id"":298}"
144,qubit_expired,11,,,"{""qubit_id"":299}"
154,qubit_expired,0,,,"{""qubit_id"":300}"
154,qubit_expired,0,,,"{""qubit_id"":301}"
154,qubit_expired,0,,,"{""qubit_id"":302}"
154,qubit_expired,0,,,"{""qubit_id"":303}"
154,qubit_expired,0,,,"{""qubit_id"":304}"
154,qubit_expired,2,,,"{""qubit_id"":310}"
154,qubit_expired,2,,,"{""qubit_id"":311}"
154,qubit_expired,2,,,"{""qubit_id"":312}"
154,qubit_expired,2,,,"{""qubit_id"":313}"
154,qubit_expired,2,,,"{""qubit_id"":314}"
154,qubit_expired,3,,,"{""qubit_id"":315}"
154,qubit_expired,3,,,"{""qubit_id"":316}"
154,qubit_expired,3,,,"{""qubit_id"":317}"
154,qubit_expired,3,,,"{""qubit_id"":318}"
154,qubit_expired,3,,,"{""qubit_id"":319}"
154,qubit_expired,4,,,"{""qubit_id"":320}"
154,qubit_expired,4,,,"{""qubit_id"":321}"
154,qubit_expired,4,,,"{""qubit_id"":322}"
154,qubit_expired,4,,,"{""qubit_id"":323}"
154,qubit_expired,4,,,"{""qubit_id"":324}"
154,qubit_expired,5,,,"{""qubit_id"":325}"
154,qubit_expired,5,,,"{""qubit_id"":326}"
154,qubit_expired,5,,,"{""qubit_id"":327}"
154,qubit_expired,5,,,"{""qubit_id"":328}"
154,qubit_expired,5,,,"{""qubit_id"":329}"
154,qubit_expired,6,,,"{""qubit_id"":330}"
154,qubit_expired,6,,,"{""qubit_id"":331}"
154,qubit_expired,6,,,"{""qubit_id"":332}"
154,qubit_expired,6,,,"{""qubit_id"":333}"
154,qubit_expired,6,,,"{""qubit_id"":334}"
154,qubit_expired,7,,,"{""qubit_id"":335}"
154,qubit_expired,7,,,"{""qubit_id"":336}"
154,qubit_expired,7,,,"{""qubit_id"":337}"
154,qubit_expired,7,,,"{""qubit_id"":338}"
154,qubit_expired,7,,,"{""qubit_id"":339}"
154,qubit_expired,8,,,"{""qubit_id"":340}"
154,qubit_expired,8,,,"{""qubit_id"":341}"
154,qubit_expired,8,,,"{""qubit_id"":342}"
154,qubit_expired,8,,,"{""qubit_id"":343}"
154,qubit_expired,8,,,"{""qubit_id"":344}"
154,qubit_expired,9,,,"{""qubit_id"":345}"
154,qubit_expired,9,,,"{""qubit_id"":346}"
154,qubit_expired,9,,,"{""qubit_id"":347}"
154,qubit_expired,9,,,"{""qubit_id"":348}"
154,qubit_expired,9,,,"{""qubit_id"":349}"
154,qubit_expired,11,,,"{""qubit_id"":355}"
154,qubit_expired,11,,,"{""qubit_id"":356}"
154,qubit_expired,11,,,"{""qubit_id"":357}"
154,qubit_expired,11,,,"{""qubit_id"":358}"
154,qubit_expired,11,,,"{""qubit_id"":359}"
164,qubit_expired,0,,,"{""qubit_id"":360}"
164,qubit_expired,0,,,"{""qubit_id"":361}"
164,qubit_expired,0,,,"{""qubit_id"":362}"
164,qubit_expired,0,,,"{""qubit_id"":363}"
164,qubit_expired,0,,,"{""qubit_id"":364}"
164,qubit_expired,2,,,"{""qubit_id"":370}"
164,qubit_expired,2,,,"{""qubit_id"":371}"
164,qubit_expired,2,,,"{""qubit_id"":372}"
164,qubit_expired,2,,,"{""qubit_id"":373}"
164,qubit_expired,2,,,"{""qubit_id"":374}"
164,qubit_expired,3,,,"{""qubit_id"":375}"
164,qubit_expired,3,,,"{""qubit_id"":376}"
164,qubit_expired,3,,,"{""qubit_id"":377}"
164,qubit_expired,3,,,"{""qubit_id"":378}"
164,qubit_expired,3,,,"{""qubit_id"":379}"
164,qubit_expired,4,,,"{""qubit_id"":380}"
164,qubit_expired,4,,,"{""qubit_id"":381}"
164,qubit_expired,4,,,"{""qubit_id"":382}"
164,qubit_expired,4,,,"{""qubit_id"":383}"
164,qubit_expired,4,,,"{""qubit_id"":384}"
164,qubit_expired,5,,,"{""qubit_id"":385}"
164,qubit_expired,5,,,"{""qubit_id"":386}"
164,qubit_expired,5,,,"{""qubit_id"":387}"
164,qubit_expired,5,,,"{""qubit_id"":388}"
164,qubit_expired,5,,,"{""qubit_id"":389}"
164,qubit_expired,6,,,"{""qubit_id"":390}"
164,qubit_expired,6,,,"{""qubit_id"":391}"
164,qubit_expired,6,,,"{""qubit_id"":392}"
164,qubit_expired,6,,,"{""qubit_id"":393}"
164,qubit_expired,6,,,"{""qubit_id"":394}"
164,qubit_expired,7,,,"{""qubit_id"":395}"
164,qubit_expired,7,,,"{""qubit_id"":396}"
164,qubit_expired,7,,,"{""qubit_id"":397}"
164,qubit_expired,7,,,"{""qubit_id"":398}"
164,qubit_expired,7,,,"{""qubit_id"":399}"
164,qubit_expired,8,,,"{""qubit_id"":400}"
164,qubit_expired,8,,,"{""qubit_id"":401}"
164,qubit_expired,8,,,"{""qubit_id"":402}"
164,qubit_expired,8,,,"{""qubit_id"":403}"
164,qubit_expired,8,,,"{""qubit_id"":404}"
164,qubit_expired,9,,,"{""qubit_id"":405}"
164,qubit_expired,9,,,"{""qubit_id"":406}"
164,qubit_expired,9,,,"{""qubit_id"":407}"
164,qubit_expired,9,,,"{""qubit_id"":408}"
164,qubit_expired,9,,,"{""qubit_id"":409}"
164,qubit_expired,11,,,"{""qubit_id"":415}"
164,qubit_expired,11,,,"{""qubit_id"":416}"
164,qubit_expired,11,,,"{""qubit_id"":417}"
164,qubit_expired,11,,,"{""qubit_id"":418}"
164,qubit_expired,11,,,"{""qubit_id"":419}"
174,qubit_expired,0,,,"{""qubit_id"":420}"
174,qubit_expired,0,,,"{""qubit_id"":421}"
174,qubit_expired,0,,,"{""qubit_id"":422}"
174,qubit_expired,0,,,"{""qubit_id"":423}"
174,qubit_expired,0,,,"{""qubit_id"":424}"
174,qubit_expired,2,,,"{""qubit_id"":430}"
174,qubit_expired,2,,,"{""qubit_id"":431}"
174,qubit_expired,2,,,"{""qubit_id"":432}"
174,qubit_expired,2,,,"{""qubit_id"":433}"
174,qubit_expired,2,,,"{""qubit_id"":434}"
174,qubit_expired,3,,,"{""qubit_id"":435}"
174,qubit_expired,3,,,"{""qubit_id"":436}"
174,qubit_expired,3,,,"{""qubit_id"":437}"
174,qubit_expired,3,,,"{""qubit_id"":438}"
174,qubit_expired,3,,,"{""qubit_id"":439}"
174,qubit_expired,4,,,"{""qubit_id"":440}"
174,qubit_expired,4,,,"{""qubit_id"":441}"
174,qubit_expired,4,,,"{""qubit_id"":442}"
174,qubit_expired,4,,,"{""qubit_id"":443}"
174,qubit_expired,4,,,"{""qubit_id"":444}"
174,qubit_expired,5,,,"{""qubit_id"":445}"
174,qubit_expired,5,,,"{""qubit_id"":446}"
174,qubit_expired,5,,,"{""qubit_id"":447}"
174,qubit_expired,5,,,"{""qubit_id"":448}"
174,qubit_expired,5,,,"{""qubit_id"":449}"
174,qubit_expired,6,,,"{""qubit_id"":450}"
174,qubit_expired,6,,,"{""qubit_id"":451}"
174,qubit_expired,6,,,"{""qubit_id"":452}"
174,qubit_expired,6,,,"{""qubit_id"":453}"
174,qubit_expired,6,,,"{""qubit_id"":454}"
174,qubit_expired,7,,,"{""qubit_id"":455}"
174,qubit_expired,7,,,"{""qubit_id"":456}"
174,qubit_expired,7,,,"{""qubit_id"":457}"
174,qubit_expired,7,,,"{""qubit_id"":458}"
174,qubit_expired,7,,,"{""qubit_id"":459}"
174,qubit_expired,8,,,"{""qubit_id"":460}"
174,qubit_expired,8,,,"{""qubit_id"":461}"
174,qubit_expired,8,,,"{""qubit_id"":462}"
174,qubit_expired,8,,,"{""qubit_id"":463}"
174,qubit_expired,8,,,"{""qubit_id"":464}"
174,qubit_expired,9,,,"{""qubit_id"":465}"
174,qubit_expired,9,,,"{""qubit_id"":466}"
174,qubit_expired,9,,,"{""qubit_id"":467}"
174,qubit_expired,9,,,"{""qubit_id"":468}"
174,qubit_expired,9,,,"{""qubit_id"":469}"
174,qubit_expired,11,,,"{""qubit_id"":475}"
174,qubit_expired,11,,,"{""qubit_id"":476}"
174,qubit_expired,11,,,"{""qubit_id"":477}"
174,qubit_expired,11,,,"{""qubit_id"":478}"
174,qubit_expired,11,,,"{""qubit_id"":479}"
184,qubit_expired,0,,,"{""qubit_id"":480}"
184,qubit_expired,0,,,"{""qubit_id"":481}"
184,qubit_expired,0,,,"{""qubit_id"":482}"
184,qubit_expired,0,,,"{""qubit_id"":483}"
184,qubit_expired,0,,,"{""qubit_id"":484}"
184,qubit_expired,2,,,"{""qubit_id"":490}"
184,qubit_expired,2,,,"{""qubit_id"":491}"
184,qubit_expired,2,,,"{""qubit_id"":492}"
184,qubit_expired,2,,,"{""qubit_id"":493}"
184,qubit_expired,2,,,"{""qubit_id"":494}"
184,qubit_expired,3,,,"{""qubit_id"":495}"
184,qubit_expired,3,,,"{""qubit_id"":496}"
184,qubit_expired,3,,,"{""qubit_id"":497}"
184,qubit_expired,3,,,"{""qubit_id"":498}"
184,qubit_expired,3,,,"{""qubit_id"":499}"
184,qubit_expired,4,,,"{""qubit_id"":500}"
184,qubit_expired,4,,,"{""qubit_id"":501}"
184,qubit_expired,4,,,"{""qubit_id"":502}"
184,qubit_expired,4,,,"{""qubit_id"":503}"
184,qubit_expired,4,,,"{""qubit_id"":504}"
184,qubit_expired,5,,,"{""qubit_id"":505}"
184,qubit_expired,5,,,"{""qubit_id"":506}"
184,qubit_expired,5,,,"{""qubit_id"":507}"
184,qubit_expired,5,,,"{""qubit_id"":508}"
184,qubit_expired,5,,,"{""qubit_id"":509}"
184,qubit_expired,6,,,"{""qubit_id"":510}"
184,qubit_expired,6,,,"{""qubit_id"":511}"
184,qubit_expired,6,,,"{""qubit_id"":512}"
184,qubit_expired,6,,,"{""qubit_id"":513}"
184,qubit_expired,6,,,"{""qubit_id"":514}"
184,qubit_expired,7,,,"{""qubit_id"":515}"
184,qubit_expired,7,,,"{""qubit_id"":516}"
184,qubit_expired,7,,,"{""qubit_id"":517}"
184,qubit_expired,7,,,"{""qubit_id"":518}"
184,qubit_expired,7,,,"{""qubit_id"":519}"
184,qubit_expired,8,,,"{""qubit_id"":520}"
184,qubit_expired,8,,,"{""qubit_id"":521}"
184,qubit_expired,8,,,"{""qubit_id"":522}"
184,qubit_expired,8,,,"{""qubit_id"":523}"
184,qubit_expired,8,,,"{""qubit_id"":524}"
184,qubit_expired,9,,,"{""qubit_id"":525}"
184,qubit_expired,9,,,"{""qubit_id"":526}"
184,qubit_expired,9,,,"{""qubit_id"":527}"
184,qubit_expired,9,,,"{""qubit_id"":528}"
184,qubit_expired,9,,,"{""qubit_id"":529}"
184,qubit_expired,11,,,"{""qubit_id"":535}"
184,qubit_expired,11,,,"{""qubit_id"":536}"
184,qubit_expired,11,,,"{""qubit_id"":537}"
184,qubit_expired,11,,,"{""qubit_id"":538}"
184,qubit_expired,11,,,"{""qubit_id"":539}"
194,qubit_expired,0,,,"{""qubit_id"":540}"
194,qubit_expired,0,,,"{""qubit_id"":541}"
194,qubit_expired,0,,,"{""qubit_id"":542}"
194,qubit_expired,0,,,"{""qubit_id"":543}"
194,qubit_expired,0,,,"{""qubit_id"":544}"
194,qubit_expired,2,,,"{""qubit_id"":550}"
194,qubit_expired,2,,,"{""qubit_id"":551}"
194,qubit_expired,2,,,"{""qubit_id"":552}"
194,qubit_expired,2,,,"{""qubit_id"":553}"
194,qubit_expired,2,,,"{""qubit_id"":554}"
194,qubit_expired,3,,,"{""qubit_id"":555}"
194,qubit_expired,3,,,"{""qubit_id"":556}"
194,qubit_expired,3,,,"{""qubit_id"":557}"
194,qubit_expired,3,,,"{""qubit_id"":558}"
194,qubit_expired,3,,,"{""qubit_id"":559}"
194,qubit_expired,4,,,"{""qubit_id"":560}"
194,qubit_expired,4,,,"{""qubit_id"":561}"
194,qubit_expired,4,,,"{""qubit_id"":562}"
194,qubit_expired,4,,,"{""qubit_id"":563}"
194,qubit_expired,4,,,"{""qubit_id"":564}"
194,qubit_expired,5,,,"{""qubit_id"":565}"
194,qubit_expired,5,,,"{""qubit_id"":566}"
194,qubit_expired,5,,,"{""qubit_id"":567}"
194,qubit_expired,5,,,"{""qubit_id"":568}"
194,qubit_expired,5,,,"{""qubit_id"":569}"
194,qubit_expired,6,,,"{""qubit_id"":570}"
194,qubit_expired,6,,,"{""qubit_id"":571}"
194,qubit_expired,6,,,"{""qubit_id"":572}"
194,qubit_expired,6,,,"{""qubit_id"":573}"
194,qubit_expired,6,,,"{""qubit_id"":574}"
194,qubit_expired,7,,,"{""qubit_id"":575}"
194,qubit_expired,7,,,"{""qubit_id"":576}"
194,qubit_expired,7,,,"{""qubit_id"":577}"
194,qubit_expired,7,,,"{""qubit_id"":578}"
194,qubit_expired,7,,,"{""qubit_id"":579}"
194,qubit_expired,8,,,"{""qubit_id"":580}"
194,qubit_expired,8,,,"{""qubit_id"":581}"
194,qubit_expired,8,,,"{""qubit_id"":582}"
194,qubit_expired,8,,,"{""qubit_id"":583}"
194,qubit_expired,8,,,"{""qubit_id"":584}"
194,qubit_expired,9,,,"{""qubit_id"":585}"
194,qubit_expired,9,,,"{""qubit_id"":586}"
194,qubit_expired,9,,,"{""qubit_id"":587}"
194,qubit_expired,9,,,"{""qubit_id"":588}"
194,qubit_expired,9,,,"{""qubit_id"":589}"
194,qubit_expired,11,,,"{""qubit_id"":595}"
194,qubit_expired,11,,,"{""qubit_id"":596}"
194,qubit_expired,11,,,"{""qubit_id"":597}"
194,qubit_expired,11,,,"{""qubit_id"":598}"
194,qubit_expired,11,,,"{""qubit_id"":599}"
204,qubit_expired,0,,,"{""qubit_id"":600}"
204,qubit_expired,0,,,"{""qubit_id"":601}"
204,qubit_expired,0,,,"{""qubit_id"":602}"
204,qubit_expired,0,,,"{""qubit_id"":603}"
204,qubit_expired,0,,,"{""qubit_id"":604}"
204,qubit_expired,2,,,"{""qubit_id"":610}"
204,qubit_expired,2,,,"{""qubit_id"":611}"
204,qubit_expired,2,,,"{""qubit_id"":612}"
204,qubit_expired,2,,,"{""qubit_id"":613}"
204,qubit_expired,2,,,"{""qubit_id"":614}"
204,qubit_expired,3,,,"{""qubit_id"":615}"
204,qubit_expired,3,,,"{""qubit_id"":616}"
204,qubit_expired,3,,,"{""qubit_id"":617}"
204,qubit_expired,3,,,"{""qubit_id"":618}"
204,qubit_expired,3,,,"{""qubit_id"":619}"
204,qubit_expired,4,,,"{""qubit_id"":620}"
204,qubit_expired,4,,,"{""qubit_id"":621}"
204,qubit_expired,4,,,"{""qubit_id"":622}"
204,qubit_expired,4,,,"{""qubit_id"":623}"
204,qubit_expired,4,,,"{""qubit_id"":624}"
204,qubit_expired,5,,,"{""qubit_id"":625}"
204,qubit_expired,5,,,"{""qubit_id"":626}"
204,qubit_expired,5,,,"{""qubit_id"":627}"
204,qubit_expired,5,,,"{""qubit_id"":628}"
204,qubit_expired,5,,,"{""qubit_id"":629}"
204,qubit_expired,6,,,"{""qubit_id"":630}"
204,qubit_expired,6,,,"{""qubit_id"":631}"
204,qubit_expired,6,,,"{""qubit_id"":632}"
204,qubit_expired,6,,,"{""qubit_id"":633}"
204,qubit_expired,6,,,"{""qubit_id"":634}"
204,qubit_expired,7,,,"{""qubit_id"":635}"
204,qubit_expired,7,,,"{""qubit_id"":636}"
204,qubit_expired,7,,,"{""qubit_id"":637}"
204,qubit_expired,7,,,"{""qubit_id"":638}"
204,qubit_expired,7,,,"{""qubit_id"":639}"
204,qubit_expired,8,,,"{""qubit_id"":640}"
204,qubit_expired,8,,,"{""qubit_id"":641}"
204,qubit_expired,8,,,"{""qubit_id"":642}"
204,qubit_expired,8,,,"{""qubit_id"":643}"
204,qubit_expired,8,,,"{""qubit_id"":644}"
204,qubit_expired,9,,,"{""qubit_id"":645}"
204,qubit_expired,9,,,"{""qubit_id"":646}"
204,qubit_expired,9,,,"{""qubit_id"":647}"
204,qubit_expired,9,,,"{""qubit_id"":648}"
204,qubit_expired,9,,,"{""qubit_id"":649}"
204,qubit_expired,11,,,"{""qubit_id"":655}"
204,qubit_expired,11,,,"{""qubit_id"":656}"
204,qubit_expired,11,,,"{""qubit_id"":657}"
204,qubit_expired,11,,,"{""qubit_id"":658}"
204,qubit_expired,11,,,"{""qubit_id"":659}"
214,qubit_expired,0,,,"{""qubit_id"":660}"
214,qubit_expired,0,,,"{""qubit_id"":661}"
214,qubit_expired,0,,,"{""qubit_id"":662}"
214,qubit_expired,0,,,"{""qubit_id"":663}"
214,qubit_expired,0,,,"{""qubit_id"":664}"
214,qubit_expired,1,,,"{""qubit_id"":665}"
214,qubit_expired,2,,,"{""qubit_id"":670}"
214,qubit_expired,2,,,"{""qubit_id"":671}"
214,qubit_expired,2,,,"{""qubit_id"":672}"
214,qubit_expired,2,,,"{""qubit_id"":673}"
214,qubit_expired,2,,,"{""qubit_id"":674}"
214,qubit_expired,3,,,"{""qubit_id"":675}"
214,qubit_expired,3,,,"{""qubit_id"":676}"
214,qubit_expired,3,,,"{""qubit_id"":677}"
214,qubit_expired,3,,,"{""qubit_id"":678}"
214,qubit_expired,3,,,"{""qubit_id"":679}"
214,qubit_expired,4,,,"{""qubit_id"":680}"
214,qubit_expired,4,,,"{""qubit_id"":681}"
214,qubit_expired,4,,,"{""qubit_id"":682}"
214,qubit_expired,4,,,"{""qubit_id"":683}"
214,qubit_expired,4,,,"{""qubit_id"":684}"
214,qubit_expired,5,,,"{""qubit_id"":685}"
214,qubit_expired,5,,,"{""qubit_id"":686}"
214,qubit_expired,5,,,"{""qubit_id"":687}"
214,qubit_expired,5,,,"{""qubit_id"":688}"
214,qubit_expired,5,,,"{""qubit_id"":689}"
214,qubit_expired,6,,,"{""qubit_id"":690}"
214,qubit_expired,6,,,"{""qubit_id"":691}"
214,qubit_expired,6,,,"{""qubit_id"":692}"
214,qubit_expired,6,,,"{""qubit_id"":693}"
214,qubit_expired,6,,,"{""qubit_id"":694}"
214,qubit_expired,7,,,"{""qubit_id"":695}"
214,qubit_expired,7,,,"{""qubit_id"":696}"
214,qubit_expired,7,,,"{""qubit_id"":697}"
214,qubit_expired,7,,,"{""qubit_id"":698}"
214,qubit_expired,7,,,"{""qubit_id"":699}"
214,qubit_expired,8,,,"{""qubit_id"":700}"
214,qubit_expired,8,,,"{""qubit_id"":701}"
214,qubit_expired,8,,,"{""qubit_id"":702}"
214,qubit_expired,8,,,"{""qubit_id"":703}"
214,qubit_expired,8,,,"{""qubit_id"":704}"
214,qubit_expired,9,,,"{""qubit_id"":705}"
214,qubit_expired,9,,,"{""qubit_id"":706}"
214,qubit_expired,9,,,"{""qubit_id"":707}"
214,qubit_expired,9,,,"{""qubit_id"":708}"
214,qubit_expired,9,,,"{""qubit_id"":709}"
214,qubit_expired,10,,,"{""qubit_id"":710}"
214,qubit_expired,11,,,"{""qubit_id"":715}"
214,qubit_expired,11,,,"{""qubit_id"":716}"
214,qubit_expired,11,,,"{""qubit_id"":717}"
214,qubit_expired,11,,,"{""qubit_id"":718}"
214,qubit_expired,11,,,"{""qubit_id"":719}"
